"Id.Proceso.CNA","Institución","Estado de acreditación","Años de acreditación","Duración del programa (trimestres)","¿Tiene inclusión o diversidad en el perfil de egreso?","¿Tiene ramos de inclusión?","Cantidad de ramos de inclusión","Carrera"
"PREG-00037-04-00","PONTIFICIA UNIVERSIDAD CATÓLICA DE CHILE","Acreditada",6,20,"No","Si",1,"PEDAGOGÍA EN EDUCACIÓN PARVULARIA"
"PREG-00210-04-00","UNIVERSIDAD AUTÓNOMA DE CHILE","Acreditada",6,16,"Si","Si",1,"PEDAGOGÍA EN EDUCACIÓN PARVULARIA"
"PREG-00474-03-00","UNIVERSIDAD DE LA SERENA","Acreditada",4,20,"Si","Si",3,"PEDAGOGÍA EN EDUCACIÓN PARVULARIA"
"PREG-00520-05-00","UNIVERSIDAD DE MAGALLANES","Acreditada",5,20,"No","Si",1,"PEDAGOGÍA EN EDUCACIÓN PARVULARIA"
"PREG-00706-04-00","UNIVERSIDAD DIEGO PORTALES","Acreditada",6,16,"Si","Si",2,"PEDAGOGÍA EN EDUCACIÓN PARVULARIA"
"PREG-01483-03-00","UNIVERSIDAD DE CHILE","Acreditada",5,20,"Si","Si",3,"PEDAGOGÍA EN EDUCACIÓN PARVULARIA"
"PREG-01983-02-00","UNIVERSIDAD DE O HIGGINS","Acreditada",4,20,"Si","Si",1,"PEDAGOGÍA EN EDUCACIÓN PARVULARIA"
"PREG-02021-02-00","UNIVERSIDAD AUSTRAL DE CHILE","Acreditada",2,,,,,"PEDAGOGÍA EN EDUCACIÓN PARVULARIA"
"PREG-00736-05-00","UNIVERSIDAD MAYOR","Acreditada",5,20,"Si","Si",2,"PEDAGOGÍA EN EDUCACIÓN PARVULARIA"
"PREG-00216-05-00","UNIVERSIDAD BERNARDO O HIGGINS","Acreditada",4,18,"Si","Si",2,"PEDAGOGÍA EN EDUCACIÓN PARVULARIA"
"PREG-00713-04-00","UNIVERSIDAD FINIS TERRAE","Acreditada",,20,"No","Si",1,"PEDAGOGÍA EN EDUCACIÓN PARVULARIA"
"PREG-00766-03-00","UNIVERSIDAD SAN SEBASTIÁN","Acreditada",5,20,"Si","Si",2,"EDUCACIÓN PARVULARIA"
"PREG-00644-05-00","UNIVERSIDAD VIÑA DEL MAR","Acreditada",,18,"Si","Si",1,"EDUCACIÓN PARVULARIA"
"PREG-00599-04-00","UNIVERSIDAD DE TARAPACÁ","Acreditada",3,16,"Si","Si",3,"EDUCACIÓN PARVULARIA"
"PREG-00630-04-00","UNIVERSIDAD DE VALPARAÍSO","Acreditada",6,18,"Si","Si",1,"EDUCACIÓN PARVULARIA"
"PREG-00508-05-00","UNIVERSIDAD DE LOS LAGOS","Acreditada",4,20,"Si","Si",4,"EDUCACIÓN PARVULARIA"
"PREG-00533-04-00","UNIVERSIDAD DE PLAYA ANCHA DE CIENCIAS DE LA EDUCACIÓN","Acreditada",5,16,"No","Si",1,"EDUCACIÓN PARVULARIA"
"PREG-00494-05-00","UNIVERSIDAD DE LAS AMÉRICAS","Acreditada",3,20,"Si","Si",1,"EDUCACIÓN PARVULARIA"
"PREG-00404-04-00","UNIVERSIDAD DE CONCEPCIÓN","Acreditada",7,20,"Si","Si",1,"EDUCACIÓN PARVULARIA"
"PREG-00309-04-00","UNIVERSIDAD CENTRAL DE CHILE","Acreditada",6,20,"Si","Si",3,"EDUCACIÓN PARVULARIA"
"PREG-00294-04-00","UNIVERSIDAD CATÓLICA SILVA HENRÍQUEZ","Acreditada",5,20,"Si","Si",3,"EDUCACIÓN PARVULARIA"
"PREG-00129-04-00","UNIVERSIDAD ADVENTISTA DE CHILE","Acreditada",4,20,"Si","Si",1,"EDUCACIÓN PARVULARIA"
"PREG-00137-04-00","UNIVERSIDAD ALBERTO HURTADO","Acreditada",6,20,"No","Si",1,"EDUCACIÓN PARVULARIA"
"PREG-00150-05-00","UNIVERSIDAD ANDRÉS BELLO","Acreditada",4,18,"Si","Si",3,"EDUCACIÓN PARVULARIA"
"PREG-00160-04-00","UNIVERSIDAD ARTURO PRAT","Acreditada",4,20,"Si","Si",2,"EDUCACIÓN PARVULARIA"
"PREG-00073-06-00","PONTIFICIA UNIVERSIDAD CATÓLICA DE VALPARAÍSO","Acreditada",6,20,"Si","Si",1,"EDUCACIÓN PARVULARIA"
"PREG-00234-05-00","UNIVERSIDAD CATÓLICA DE LA SANTÍSIMA CONCEPCIÓN","Acreditada",5,18,"Si","Si",2,"EDUCACIÓN DE PÁRVULOS"
"PREG-00248-04-00","UNIVERSIDAD CATÓLICA DE TEMUCO","Acreditada",5,18,"Si","Si",2,"EDUCACIÓN DE PÁRVULOS"
"PREG-00429-04-00","UNIVERSIDAD DE CONCEPCIÓN","Acreditada",6,20,"Si","Si",1,"EDUCACIÓN GENERAL BÁSICA"
"PREG-01463-03-00","UNIVERSIDAD DE CHILE","Acreditada",4,20,"Si","Si",1,"PEDAGOGÍA EN EDUCACIÓN BÁSICA"
"PREG-00238-04-00","UNIVERSIDAD CATÓLICA DE LA SANTÍSIMA CONCEPCIÓN","Acreditada",4,20,"Si","Si",2,"PEDAGOGÍA EN EDUCACIÓN BÁSICA"
"PREG-01979-02-00","UNIVERSIDAD DE O HIGGINS","Acreditada",5,20,"Si","Si",1,"PEDAGOGÍA EN EDUCACIÓN BÁSICA"
"PREG-00103-04-00","PONTIFICIA UNIVERSIDAD CATÓLICA DE VALPARAÍSO","Acreditada",6,20,"Si","Si",1,"PEDAGOGÍA EN EDUCACIÓN BÁSICA"
"PREG-00136-04-00","UNIVERSIDAD ALBERTO HURTADO","Acreditada",6,20,"Si","Si",1,"PEDAGOGÍA EN EDUCACIÓN BÁSICA"
"PREG-01027-04-00","UNIVERSIDAD SAN SEBASTIÁN","Acreditada",,20,"Si","Si",1,"PEDAGOGÍA EN EDUCACIÓN BÁSICA"
"PREG-00298-04-00","UNIVERSIDAD CATÓLICA SILVA HENRÍQUEZ","Acreditada",4,20,"Si","Si",2,"PEDAGOGÍA EN EDUCACIÓN BÁSICA"
"PREG-00118-04-00","UNIVERSIDAD ACADEMIA DE HUMANISMO CRISTIANO","Acreditada",3,20,"Si","Si",2,"PEDAGOGÍA EN EDUCACIÓN BÁSICA"
"PREG-00163-04-00","UNIVERSIDAD ARTURO PRAT","Acreditada",3,18,"No","Si",3,"PEDAGOGÍA EN EDUCACIÓN BÁSICA"
"PREG-00611-03-00","UNIVERSIDAD DE TARAPACÁ","Acreditada",4,16,"No","Si",2,"PEDAGOGÍA EN EDUCACIÓN BÁSICA"
"PREG-00495-05-00","UNIVERSIDAD DE LAS AMÉRICAS","Acreditada",4,20,"Si","Si",1,"PEDAGOGÍA EN EDUCACIÓN BÁSICA"
"PREG-00530-05-00","UNIVERSIDAD DE PLAYA ANCHA DE CIENCIAS DE LA EDUCACIÓN","Acreditada",4,18,"No","Si",1,"PEDAGOGÍA EN EDUCACIÓN BÁSICA"
"PREG-00403-05-00","UNIVERSIDAD DE CONCEPCIÓN","Acreditada",6,20,"Si","Si",5,"EDUCACIÓN DIFERENCIAL"
"PREG-00775-04-00","UNIVERSIDAD SANTO TOMÁS","Acreditada",3,20,"Si","Si",5,"EDUCACIÓN DIFERENCIAL"
"PREG-00538-06-00","UNIVERSIDAD DE PLAYA ANCHA DE CIENCIAS DE LA EDUCACIÓN","Acreditada",6,16,"Si","Si",1,"PEDAGOGÍA EN EDUCACIÓN DIFERENCIAL"
"PREG-00484-03-00","UNIVERSIDAD DE LA SERENA","Acreditada",5,20,"Si","Si",6,"PEDAGOGÍA EN EDUCACIÓN DIFERENCIAL"
"PREG-00299-03-00","UNIVERSIDAD CATÓLICA SILVA HENRÍQUEZ","Acreditada",4,20,"Si","Si",4,"PEDAGOGÍA EN EDUCACIÓN DIFERENCIAL"
"PREG-00231-04-00","UNIVERSIDAD CATÓLICA DE LA SANTÍSIMA CONCEPCIÓN","Acreditada",7,18,"Si","Si",4,"PEDAGOGÍA EN EDUCACIÓN DIFERENCIAL"
"PREG-02023-02-00","UNIVERSIDAD DE TARAPACÁ","Acreditada",3,20,"Si","Si",2,"PEDAGOGÍA EN EDUCACIÓN DIFERENCIAL"
"PREG-02044-02-00","UNIVERSIDAD DE MAGALLANES","Acreditada",2,20,"Si","Si",4,"PEDAGOGÍA EN EDUCACIÓN DIFERENCIAL"
"PREG-00731-04-00","UNIVERSIDAD MAYOR","Acreditada",6,20,"Si","Si",2,"PEDAGOGÍA EN EDUCACIÓN DIFERENCIAL"
"PREG-00493-06-00","UNIVERSIDAD DE LAS AMÉRICAS","Acreditada",3,20,"Si","Si",5,"PEDAGOGÍA EN EDUCACIÓN DIFERENCIAL"
"PREG-00765-04-00","UNIVERSIDAD SAN SEBASTIÁN","Acreditada",4,20,"Si","Si",2,"PEDAGOGÍA EN EDUCACIÓN DIFERENCIAL"
"PREG-00302-05-00","UNIVERSIDAD CATÓLICA SILVA HENRÍQUEZ","Acreditada",3,20,"Si","Si",1,"PEDAGOGÍA EN HISTORIA Y GEOGRAFÍA"
"PREG-00670-05-00","UNIVERSIDAD DEL BÍO-BÍO","Acreditada",4,20,"No","Si",2,"PEDAGOGÍA EN HISTORIA Y GEOGRAFÍA"
"PREG-00620-03-00","UNIVERSIDAD DE TARAPACÁ","No acreditada",,20,"No","Si",1,"PEDAGOGÍA EN HISTORIA Y GEOGRAFÍA"
"PREG-00487-06-00","UNIVERSIDAD DE LA SERENA","Acreditada",4,20,"Si","Si",2,"PEDAGOGÍA EN HISTORIA Y GEOGRAFÍA"
"PREG-00544-05-00","UNIVERSIDAD DE PLAYA ANCHA DE CIENCIAS DE LA EDUCACIÓN","Acreditada",2,18,"No","No",0,"PEDAGOGÍA EN HISTORIA Y GEOGRAFÍA"
"PREG-00433-04-00","UNIVERSIDAD DE CONCEPCIÓN","Acreditada",6,20,"Si","Si",1,"PEDAGOGÍA EN HISTORIA Y GEOGRAFÍA"
"PREG-01182-04-00","UNIVERSIDAD DE LA FRONTERA","Acreditada",4,20,"Si","Si",1,"PEDAGOGÍA EN INGLÉS"
"PREG-01371-03-00","UNIVERSIDAD DIEGO PORTALES","Acreditada",6,20,"Si","Si",1,"PEDAGOGÍA EN INGLÉS"
"PREG-00434-05-00","UNIVERSIDAD DE CONCEPCIÓN","Acreditada",6,20,"Si","Si",1,"PEDAGOGÍA EN INGLÉS"
"PREG-00545-04-00","UNIVERSIDAD DE PLAYA ANCHA DE CIENCIAS DE LA EDUCACIÓN","Acreditada",,18,"No","No",0,"PEDAGOGÍA EN INGLÉS"
"PREG-00488-04-00","UNIVERSIDAD DE LA SERENA","Acreditada",4,20,"Si","Si",3,"PEDAGOGÍA EN INGLÉS"
"PREG-00606-05-00","UNIVERSIDAD DE TARAPACÁ","Acreditada",2,20,"No","Si",1,"PEDAGOGÍA EN INGLÉS"
"PREG-00671-05-00","UNIVERSIDAD DEL BÍO-BÍO","No acreditada",,20,"Si","Si",2,"PEDAGOGÍA EN INGLÉS"
"PREG-00131-05-00","UNIVERSIDAD ADVENTISTA DE CHILE","Acreditada",3,20,"Si","Si",1,"PEDAGOGÍA EN INGLÉS"
"PREG-00140-04-00","UNIVERSIDAD ALBERTO HURTADO","Acreditada",5,20,"No","Si",1,"PEDAGOGÍA EN INGLÉS"
"PREG-00212-04-00","UNIVERSIDAD AUTÓNOMA DE CHILE","Acreditada",,20,"Si","Si",2,"PEDAGOGÍA EN INGLÉS"
"PREG-00107-05-00","PONTIFICIA UNIVERSIDAD CATÓLICA DE VALPARAÍSO","Acreditada",6,20,"Si","Si",1,"PEDAGOGÍA EN INGLÉS"
"PREG-00291-04-00","UNIVERSIDAD CATÓLICA DEL NORTE","Acreditada",4,20,"Si","Si",1,"PEDAGOGÍA EN INGLÉS"
"PREG-00277-04-00","UNIVERSIDAD CATÓLICA DEL MAULE","Acreditada",6,20,"Si","Si",2,"PEDAGOGÍA EN INGLÉS"
"PREG-00255-04-00","UNIVERSIDAD CATÓLICA DE TEMUCO","Acreditada",6,20,"Si","Si",2,"PEDAGOGÍA EN INGLÉS"
"PREG-00771-04-00","UNIVERSIDAD SAN SEBASTIÁN","Acreditada",3,20,"Si","Si",3,"PEDAGOGÍA EN INGLÉS"
"PREG-00537-05-00","UNIVERSIDAD DE PLAYA ANCHA DE CIENCIAS DE LA EDUCACIÓN","Acreditada",4,18,"No","No",0,"PEDAGOGÍA EN CASTELLANO"
"PREG-00296-06-00","UNIVERSIDAD CATÓLICA SILVA HENRÍQUEZ","Acreditada",4,20,"No","Si",1,"PEDAGOGÍA EN CASTELLANO"
"PREG-00424-04-00","UNIVERSIDAD DE CONCEPCIÓN","Acreditada",5,20,"Si","Si",1,"PEDAGOGÍA EN CIENCIAS NATURALES Y BIOLOGÍA"
"PREG-00426-04-00","UNIVERSIDAD DE CONCEPCIÓN","Acreditada",5,20,"Si","Si",1,"PEDAGOGÍA EN CIENCIAS NATURALES Y QUÍMICA"
"PREG-00051-04-00","PONTIFICIA UNIVERSIDAD CATÓLICA DE CHILE","Acreditada",6,20,"No","Si",1,"PEDAGOGÍA EN EDUCACIÓN GENERAL BÁSICA"
"PREG-00127-03-00","UNIVERSIDAD ADVENTISTA DE CHILE","Acreditada",,20,"Si","Si",2,"PEDAGOGÍA EN EDUCACIÓN GENERAL BÁSICA"
"PREG-00485-06-00","UNIVERSIDAD DE LA SERENA","Acreditada",3,20,"Si","Si",3,"PEDAGOGÍA EN EDUCACIÓN GENERAL BÁSICA"
"PREG-00553-04-00","UNIVERSIDAD DE SANTIAGO DE CHILE","Acreditada",6,20,"Si","Si",1,"PEDAGOGÍA EN EDUCACIÓN GENERAL BÁSICA"
"PREG-00705-03-00","UNIVERSIDAD DIEGO PORTALES","Acreditada",6,20,"Si","Si",2,"PEDAGOGÍA EN EDUCACIÓN GENERAL BÁSICA"
"PREG-00308-04-00","UNIVERSIDAD CENTRAL DE CHILE","Acreditada",3,20,"No","Si",4,"PEDAGOGÍA EN EDUCACIÓN GENERAL BÁSICA"
"PREG-02035-02-00","UNIVERSIDAD DE LOS LAGOS","Acreditada",4,16,"Si","Si",3,"PEDAGOGÍA EN EDUCACIÓN GENERAL BÁSICA"
"PREG-00486-04-00","UNIVERSIDAD DE LA SERENA","Acreditada",4,20,"Si","Si",2,"PEDAGOGÍA EN EDUCACIÓN MUSICAL"
"PREG-00540-06-00","UNIVERSIDAD DE PLAYA ANCHA DE CIENCIAS DE LA EDUCACIÓN","Acreditada",4,18,"Si","No",0,"PEDAGOGÍA EN EDUCACIÓN MUSICAL"
"PREG-00430-04-00","UNIVERSIDAD DE CONCEPCIÓN","Acreditada",5,20,"Si","Si",1,"PEDAGOGÍA EN EDUCACIÓN MUSICAL"
"PREG-00301-05-00","UNIVERSIDAD CATÓLICA SILVA HENRÍQUEZ","Acreditada",3,20,"Si","Si",1,"PEDAGOGÍA EN FILOSOFÍA"
"PREG-00138-04-00","UNIVERSIDAD ALBERTO HURTADO","Acreditada",4,20,"No","No",0,"PEDAGOGÍA EN FILOSOFÍA"
"PREG-00104-04-00","PONTIFICIA UNIVERSIDAD CATÓLICA DE VALPARAÍSO","Acreditada",4,20,"Si","Si",1,"PEDAGOGÍA EN FILOSOFÍA"
"PREG-00432-04-00","UNIVERSIDAD DE CONCEPCIÓN","Acreditada",5,20,"Si","Si",1,"PEDAGOGÍA EN FILOSOFÍA"
"PREG-00637-04-00","UNIVERSIDAD DE VALPARAÍSO","Acreditada",4,20,"No","Si",1,"PEDAGOGÍA EN FILOSOFÍA"
"PREG-00542-04-00","UNIVERSIDAD DE PLAYA ANCHA DE CIENCIAS DE LA EDUCACIÓN","Acreditada",5,18,"No","No",0,"PEDAGOGÍA EN FILOSOFÍA"
"PREG-00543-05-00","UNIVERSIDAD DE PLAYA ANCHA DE CIENCIAS DE LA EDUCACIÓN","Acreditada",4,18,"No","No",0,"PEDAGOGÍA EN FÍSICA"
"PREG-00108-04-00","PONTIFICIA UNIVERSIDAD CATÓLICA DE VALPARAÍSO","Acreditada",7,20,"Si","Si",1,"PEDAGOGÍA EN MATEMÁTICAS"
"PREG-01021-04-00","UNIVERSIDAD AUSTRAL DE CHILE","Acreditada",3,20,"Si","Si",1,"PEDAGOGÍA EN MATEMÁTICAS"
"PREG-00435-04-00","UNIVERSIDAD DE CONCEPCIÓN","Acreditada",6,20,"Si","Si",1,"PEDAGOGÍA EN MATEMÁTICAS"
"PREG-00169-04-00","UNIVERSIDAD ARTURO PRAT","Acreditada",3,20,"Si","Si",1,"PEDAGOGÍA EN MATEMÁTICAS Y FÍSICA"
"PREG-00490-05-00","UNIVERSIDAD DE LA SERENA","Acreditada",4,20,"Si","Si",2,"PEDAGOGÍA EN MATEMÁTICAS Y FÍSICA"
"PREG-01169-03-00","UNIVERSIDAD DEL DESARROLLO","Acreditada",6,20,"Si","Si",1,"PEDAGOGÍA EN EDUCACIÓN DE PÁRVULOS"
"PREG-00097-05-00","PONTIFICIA UNIVERSIDAD CATÓLICA DE VALPARAÍSO","Acreditada",5,20,"Si","Si",1,"PEDAGOGÍA EN BIOLOGÍA Y CIENCIAS NATURALES"
"PREG-00328-04-00","UNIVERSIDAD DE ANTOFAGASTA","Acreditada",4,20,"Si","No",0,"PEDAGOGÍA EN BIOLOGÍA Y CIENCIAS NATURALES"
"PREG-00609-03-00","UNIVERSIDAD DE TARAPACÁ","Acreditada",4,20,"No","Si",2,"PEDAGOGÍA EN BIOLOGÍA Y CIENCIAS NATURALES"
"PREG-00482-05-00","UNIVERSIDAD DE LA SERENA","No acreditada",3,20,"Si","Si",2,"PEDAGOGÍA EN BIOLOGÍA Y CIENCIAS NATURALES"
"PREG-00456-05-00","UNIVERSIDAD DE LA FRONTERA","Acreditada",4,20,"Si","Si",2,"PEDAGOGÍA EN CASTELLANO Y COMUNICACIÓN"
"PREG-00610-03-00","UNIVERSIDAD DE TARAPACÁ","Acreditada",5,20,"No","Si",2,"PEDAGOGÍA EN CASTELLANO Y COMUNICACIÓN"
"PREG-00664-05-00","UNIVERSIDAD DEL BÍO-BÍO","Acreditada",4,20,"No","Si",2,"PEDAGOGÍA EN CASTELLANO Y COMUNICACIÓN"
"PREG-00099-04-00","PONTIFICIA UNIVERSIDAD CATÓLICA DE VALPARAÍSO","Acreditada",6,20,"Si","Si",1,"PEDAGOGÍA EN CASTELLANO Y COMUNICACIÓN"
"PREG-00102-04-00","PONTIFICIA UNIVERSIDAD CATÓLICA DE VALPARAÍSO","Acreditada",5,20,"Si","Si",1,"PEDAGOGÍA EN EDUCACIÓN FÍSICA"
"PREG-00208-04-00","UNIVERSIDAD AUTÓNOMA DE CHILE","No acreditada",4,20,"Si","Si",1,"PEDAGOGÍA EN EDUCACIÓN FÍSICA"
"PREG-00128-05-00","UNIVERSIDAD ADVENTISTA DE CHILE","Acreditada",5,20,"Si","Si",3,"PEDAGOGÍA EN EDUCACIÓN FÍSICA"
"PREG-00329-04-00","UNIVERSIDAD DE ANTOFAGASTA","Acreditada",4,20,"Si","Si",1,"PEDAGOGÍA EN EDUCACIÓN FÍSICA"
"PREG-00317-04-00","UNIVERSIDAD CENTRAL DE CHILE","Acreditada",3,20,"No","Si",3,"PEDAGOGÍA EN EDUCACIÓN FÍSICA"
"PREG-00300-04-00","UNIVERSIDAD CATÓLICA SILVA HENRÍQUEZ","Acreditada",5,20,"Si","Si",2,"PEDAGOGÍA EN EDUCACIÓN FÍSICA"
"PREG-00266-04-00","UNIVERSIDAD CATÓLICA DEL MAULE","Acreditada",5,20,"Si","Si",2,"PEDAGOGÍA EN EDUCACIÓN FÍSICA"
"PREG-00252-04-00","UNIVERSIDAD CATÓLICA DE TEMUCO","Acreditada",4,20,"Si","Si",3,"PEDAGOGÍA EN EDUCACIÓN FÍSICA"
"PREG-00666-05-00","UNIVERSIDAD DEL BÍO-BÍO","Acreditada",3,20,"Si","Si",2,"PEDAGOGÍA EN EDUCACIÓN FÍSICA"
"PREG-00497-05-00","UNIVERSIDAD DE LAS AMÉRICAS","Acreditada",4,20,"Si","Si",2,"PEDAGOGÍA EN EDUCACIÓN FÍSICA"
"PREG-00428-04-00","UNIVERSIDAD DE CONCEPCIÓN","Acreditada",5,20,"Si","Si",1,"PEDAGOGÍA EN EDUCACIÓN FÍSICA"
"PREG-01246-04-00","UNIVERSIDAD CATÓLICA DE LA SANTÍSIMA CONCEPCIÓN","Acreditada",4,18,"Si","Si",1,"PEDAGOGÍA EN EDUCACIÓN FÍSICA"
"PREG-00777-05-00","UNIVERSIDAD SANTO TOMÁS","Acreditada",5,20,"Si","Si",3,"PEDAGOGÍA EN EDUCACIÓN FÍSICA"
"PREG-00769-04-00","UNIVERSIDAD SAN SEBASTIÁN","Acreditada",4,20,"Si","Si",2,"PEDAGOGÍA EN EDUCACIÓN FÍSICA"
"PREG-00147-05-00","UNIVERSIDAD ANDRÉS BELLO","Acreditada",3,20,"Si","Si",2,"PEDAGOGÍA EN EDUCACIÓN FÍSICA"
"PREG-00106-04-00","PONTIFICIA UNIVERSIDAD CATÓLICA DE VALPARAÍSO","Acreditada",6,20,"Si","Si",1,"PEDAGOGÍA EN HISTORIA, GEOGRAFÍA Y CIENCIAS SOCIALES"
"PREG-02057-01-00","UNIVERSIDAD CATÓLICA DEL MAULE","Acreditada",3,20,"Si","Si",1,"PEDAGOGÍA EN HISTORIA, GEOGRAFÍA Y CIENCIAS SOCIALES"
"PREG-00254-05-00","UNIVERSIDAD CATÓLICA DE TEMUCO","Acreditada",4,20,"Si","Si",2,"PEDAGOGÍA EN HISTORIA, GEOGRAFÍA Y CIENCIAS SOCIALES"
"PREG-00211-05-00","UNIVERSIDAD AUTÓNOMA DE CHILE","Acreditada",6,20,"Si","Si",1,"PEDAGOGÍA EN HISTORIA, GEOGRAFÍA Y CIENCIAS SOCIALES"
"PREG-00142-05-00","UNIVERSIDAD ALBERTO HURTADO","Acreditada",5,20,"No","No",0,"PEDAGOGÍA EN MÚSICA"
"PREG-00123-06-00","UNIVERSIDAD ACADEMIA DE HUMANISMO CRISTIANO","Acreditada",3,20,"Si","Si",2,"PEDAGOGÍA EN MÚSICA"
"PREG-00109-05-00","PONTIFICIA UNIVERSIDAD CATÓLICA DE VALPARAÍSO","Acreditada",6,20,"Si","Si",1,"PEDAGOGÍA EN MÚSICA"
"PREG-00149-05-00","UNIVERSIDAD ANDRÉS BELLO","Acreditada",4,20,"Si","Si",1,"PEDAGOGÍA EN MÚSICA"
"PREG-02055-01-00","UNIVERSIDAD DE LOS LAGOS","Acreditada",3,20,"No","Si",2,"PEDAGOGÍA EN MÚSICA"
"PREG-01933-02-00","UNIVERSIDAD DE VALPARAÍSO","Acreditada",,20,"No","Si",1,"PEDAGOGÍA EN MÚSICA"
"PREG-00110-05-00","PONTIFICIA UNIVERSIDAD CATÓLICA DE VALPARAÍSO","Acreditada",4,20,"Si","Si",1,"PEDAGOGÍA EN QUÍMICA Y CIENCIAS NATURALES"
"PREG-00491-05-00","UNIVERSIDAD DE LA SERENA","Acreditada",5,,,,,"PEDAGOGÍA EN QUÍMICA Y CIENCIAS NATURALES"
"PREG-01662-03-00","UNIVERSIDAD BERNARDO O HIGGINS","Acreditada",4,18,"Si","Si",9,"PEDAGOGÍA EN EDUCACIÓN DIFERENCIAL CON MENCIÓN"
"PREG-00883-05-00","UNIVERSIDAD AUSTRAL DE CHILE","Acreditada",7,20,"Si","Si",4,"PEDAGOGÍA EN EDUCACIÓN DIFERENCIAL CON MENCIÓN"
"PREG-00121-03-00","UNIVERSIDAD ACADEMIA DE HUMANISMO CRISTIANO","Acreditada",5,20,"Si","Si",2,"PEDAGOGÍA EN HISTORIA Y CIENCIAS SOCIALES"
"PREG-00139-04-00","UNIVERSIDAD ALBERTO HURTADO","Acreditada",6,20,"No","No",0,"PEDAGOGÍA EN HISTORIA Y CIENCIAS SOCIALES"
"PREG-00200-05-00","UNIVERSIDAD AUSTRAL DE CHILE","Acreditada",3,20,"Si","Si",2,"PEDAGOGÍA EN HISTORIA Y CIENCIAS SOCIALES"
"PREG-00638-04-00","UNIVERSIDAD DE VALPARAÍSO","Acreditada",4,20,"Si","No",,"PEDAGOGÍA EN HISTORIA Y CIENCIAS SOCIALES"
"PREG-00707-04-00","UNIVERSIDAD DIEGO PORTALES","Acreditada",6,4,"Si","No",0,"PEDAGOGÍA EN HISTORIA Y CIENCIAS SOCIALES"
"PREG-00708-04-00","UNIVERSIDAD DIEGO PORTALES","Acreditada",6,4,"Si","No",0,"PEDAGOGÍA EN LENGUA CASTELLANA Y COMUNICACIÓN"
"PREG-00207-05-00","UNIVERSIDAD AUTÓNOMA DE CHILE","Acreditada",3,20,"Si","Si",1,"PEDAGOGÍA EN LENGUA CASTELLANA Y COMUNICACIÓN"
"PREG-00132-03-00","UNIVERSIDAD ADVENTISTA DE CHILE","Acreditada",5,20,"Si","Si",1,"PEDAGOGÍA EN LENGUA CASTELLANA Y COMUNICACIÓN"
"PREG-00141-04-00","UNIVERSIDAD ALBERTO HURTADO","Acreditada",6,20,"Si","No",0,"PEDAGOGÍA EN LENGUA CASTELLANA Y COMUNICACIÓN"
"PREG-00168-05-00","UNIVERSIDAD ARTURO PRAT","Acreditada",3,20,"Si","Si",1,"PEDAGOGÍA EN LENGUA CASTELLANA Y COMUNICACIÓN"
"PREG-00122-05-00","UNIVERSIDAD ACADEMIA DE HUMANISMO CRISTIANO","Acreditada",5,20,"Si","Si",2,"PEDAGOGÍA EN LENGUA CASTELLANA Y COMUNICACIÓN"
"PREG-00256-05-00","UNIVERSIDAD CATÓLICA DE TEMUCO","Acreditada",4,20,"Si","Si",3,"PEDAGOGÍA EN LENGUA CASTELLANA Y COMUNICACIÓN"
"PREG-01221-04-00","UNIVERSIDAD CATÓLICA DEL MAULE","Acreditada",3,20,"Si","Si",1,"PEDAGOGÍA EN LENGUA CASTELLANA Y COMUNICACIÓN"
"PREG-00133-03-00","UNIVERSIDAD ADVENTISTA DE CHILE","Acreditada",4,20,"No",,,"PEDAGOGÍA EN MATEMÁTICA Y COMPUTACIÓN"
"PREG-00143-04-00","UNIVERSIDAD ALBERTO HURTADO","Acreditada",5,8,"Si","No",0,"PEDAGOGÍA PARA PROFESIONALES"
"PREG-00198-04-00","UNIVERSIDAD AUSTRAL DE CHILE","Acreditada",3,20,"Si","Si",5,"PEDAGOGÍA EN COMUNICACIÓN EN LENGUA INGLESA"
"PREG-00199-03-00","UNIVERSIDAD AUSTRAL DE CHILE","Acreditada",4,20,"Si","Si",4,"PEDAGOGÍA EN EDUCACIÓN FÍSICA, DEPORTES Y RECREACIÓN"
"PREG-00458-04-00","UNIVERSIDAD DE LA FRONTERA","Acreditada",6,20,"Si","Si",2,"PEDAGOGÍA EN EDUCACIÓN FÍSICA, DEPORTES Y RECREACIÓN"
"PREG-00201-03-00","UNIVERSIDAD AUSTRAL DE CHILE","Acreditada",5,20,"No","Si",2,"PEDAGOGÍA EN LENGUAJE Y COMUNICACIÓN"
"PREG-00332-04-00","UNIVERSIDAD DE ANTOFAGASTA","Acreditada",4,20,"Si","Si",1,"PEDAGOGÍA EN LENGUAJE Y COMUNICACIÓN"
"PREG-02032-02-00","UNIVERSIDAD CENTRAL DE CHILE","Acreditada",3,20,"No","Si",3,"PEDAGOGÍA EN LENGUAJE Y COMUNICACIÓN"
"PREG-01980-02-00","UNIVERSIDAD DE O HIGGINS","Acreditada",5,20,"Si","Si",1,"PEDAGOGÍA EN LENGUAJE Y COMUNICACIÓN"
"PREG-00203-05-00","UNIVERSIDAD AUSTRAL DE CHILE","Acreditada",4,12,"Si","Si",2,"PROGRAMA DE FORMACIÓN DE PROFESORES PARA LA EDUCACIÓN TÉCNICO PROFESIONAL"
"PREG-00214-05-00","UNIVERSIDAD BERNARDO O HIGGINS","Acreditada",3,18,"Si","Si",2,"PEDAGOGÍA EN EDUCACIÓN GENERAL BÁSICA CON MENCIÓN"
"PREG-00273-04-00","UNIVERSIDAD CATÓLICA DEL MAULE","Acreditada",3,20,"Si","Si",1,"PEDAGOGÍA EN EDUCACIÓN GENERAL BÁSICA CON MENCIÓN"
"PREG-00233-04-00","UNIVERSIDAD CATÓLICA DE LA SANTÍSIMA CONCEPCIÓN","Acreditada",6,20,"No","Si",1,"PEDAGOGÍA EN EDUCACIÓN MEDIA EN LENGUAJE Y COMUNICACIÓN"
"PREG-00772-04-00","UNIVERSIDAD SAN SEBASTIÁN","Acreditada",3,20,"Si","Si",1,"PEDAGOGÍA EN EDUCACIÓN MEDIA EN LENGUAJE Y COMUNICACIÓN"
"PREG-00239-04-00","UNIVERSIDAD CATÓLICA DE LA SANTÍSIMA CONCEPCIÓN","Acreditada",4,20,"No","Si",1,"PEDAGOGÍA EN EDUCACIÓN MEDIA EN BIOLOGÍA Y CIENCIAS NATURALES"
"PREG-01254-04-00","PONTIFICIA UNIVERSIDAD CATÓLICA DE CHILE","Acreditada",5,20,"No","Si",1,"PEDAGOGÍA MEDIA EN CIENCIAS NATURALES Y BIOLOGÍA"
"PREG-00265-04-00","UNIVERSIDAD CATÓLICA DEL MAULE","Acreditada",7,20,"Si","Si",4,"PEDAGOGÍA EN EDUCACIÓN ESPECIAL"
"PREG-00101-05-00","PONTIFICIA UNIVERSIDAD CATÓLICA DE VALPARAÍSO","Acreditada",7,20,"Si","Si",4,"PEDAGOGÍA EN EDUCACIÓN ESPECIAL"
"PREG-02053-01-00","PONTIFICIA UNIVERSIDAD CATÓLICA DE CHILE","Acreditada",3,20,"Si","Si",7,"PEDAGOGÍA EN EDUCACIÓN ESPECIAL"
"PREG-01022-04-00","UNIVERSIDAD CATÓLICA DEL NORTE","Acreditada",4,16,"Si","Si",1,"PEDAGOGÍA EN EDUCACIÓN BÁSICA CON ESPECIALIZACIÓN"
"PREG-00278-04-00","UNIVERSIDAD CATÓLICA DEL MAULE","Acreditada",4,18,"Si","Si",1,"PEDAGOGÍA EN MATEMÁTICAS Y COMPUTACIÓN"
"PREG-00489-05-00","UNIVERSIDAD DE LA SERENA","Acreditada",3,,,,,"PEDAGOGÍA EN MATEMÁTICAS Y COMPUTACIÓN"
"PREG-00279-05-00","UNIVERSIDAD CATÓLICA DEL MAULE","Acreditada",,20,"Si","Si",2,"PEDAGOGÍA EN RELIGIÓN Y FILOSOFÍA"
"PREG-00290-05-00","UNIVERSIDAD CATÓLICA DEL NORTE","Acreditada",5,20,"Si","Si",1,"PEDAGOGÍA EN FILOSOFÍA Y RELIGIÓN"
"PREG-00292-06-00","UNIVERSIDAD CATÓLICA DEL NORTE","Acreditada",4,20,"Si","Si",2,"PEDAGOGÍA EN MATEMÁTICA EN EDUCACIÓN MEDIA"
"PREG-00314-05-00","UNIVERSIDAD CENTRAL DE CHILE","Acreditada",4,20,"Si","Si",5,"PEDAGOGÍA EN EDUCACIÓN DIFERENCIAL E INTEGRAL DE NECESIDADES EDUCATIVAS ESPECIALES"
"PREG-01984-02-00","UNIVERSIDAD DE O HIGGINS","Acreditada",4,20,"Si","Si",1,"PEDAGOGÍA EN MATEMÁTICA"
"PREG-00622-04-00","UNIVERSIDAD DE TARAPACÁ","Acreditada",3,20,"No","Si",1,"PEDAGOGÍA EN MATEMÁTICA"
"PREG-01037-04-00","UNIVERSIDAD ALBERTO HURTADO","Acreditada",5,20,"No","Si",1,"PEDAGOGÍA EN MATEMÁTICA"
"PREG-00460-04-00","UNIVERSIDAD DE LA FRONTERA","Acreditada",6,20,"Si","Si",1,"PEDAGOGÍA EN MATEMÁTICA"
"PREG-00546-05-00","UNIVERSIDAD DE PLAYA ANCHA DE CIENCIAS DE LA EDUCACIÓN","Acreditada",4,18,"Si","No",0,"PEDAGOGÍA EN MATEMÁTICA"
"PREG-00333-04-00","UNIVERSIDAD DE ANTOFAGASTA","Acreditada",4,20,"Si","Si",1,"PEDAGOGÍA EN MATEMÁTICA"
"PREG-00345-05-00","UNIVERSIDAD DE ATACAMA","Acreditada",3,18,"No","No",0,"LICENCIATURA EN EDUCACIÓN Y PEDAGOGÍA EN EDUCACIÓN FÍSICA"
"PREG-00346-06-00","UNIVERSIDAD DE ATACAMA","Acreditada",4,18,"No","No",0,"LICENCIATURA EN EDUCACIÓN Y PEDAGOGÍA EN INGLÉS"
"PREG-00382-03-00","UNIVERSIDAD DE CHILE","Acreditada",4,20,"No","Si",1,"PEDAGOGÍA EN EDUCACIÓN MEDIA EN MATEMÁTICAS Y FÍSICA"
"PREG-00425-04-00","UNIVERSIDAD DE CONCEPCIÓN","Acreditada",4,20,"Si","Si",1,"PEDAGOGÍA EN CIENCIAS NATURALES Y FÍSICA"
"PREG-00431-04-00","UNIVERSIDAD DE CONCEPCIÓN","Acreditada",7,20,"Si","Si",1,"PEDAGOGÍA EN ESPAÑOL"
"PREG-00457-04-00","UNIVERSIDAD DE LA FRONTERA","Acreditada",4,20,"Si","Si",1,"PEDAGOGÍA EN CIENCIAS, MENCIÓN BIOLOGÍA, QUÍMICA O FÍSICA"
"PREG-00459-05-00","UNIVERSIDAD DE LA FRONTERA","Acreditada",7,20,"Si","Si",1,"PEDAGOGÍA EN HISTORIA, GEOGRAFÍA Y EDUCACIÓN CÍVICA"
"PREG-00483-05-00","UNIVERSIDAD DE LA SERENA","Acreditada",4,20,"Si","Si",2,"PEDAGOGÍA EN CASTELLANO Y FILOSOFÍA"
"PREG-00882-06-00","UNIVERSIDAD CENTRAL DE CHILE","Acreditada",3,20,"No","Si",3,"PEDAGOGÍA EN MATEMÁTICA Y ESTADÍSTICA"
"PREG-00507-05-00","UNIVERSIDAD DE LOS LAGOS","Acreditada",4,18,"Si","Si",5,"EDUCACIÓN DIFERENCIAL CON ESPECIALIDAD EN PROBLEMAS DE APRENDIZAJE"
"PREG-00512-05-00","UNIVERSIDAD DE LOS LAGOS","Acreditada",4,20,"No","No",0,"PEDAGOGÍA EN EDUCACIÓN MEDIA MENCIÓN EDUCACIÓN FÍSICA"
"PREG-00514-04-00","UNIVERSIDAD DE LOS LAGOS","Acreditada",6,20,"Si","Si",3,"PEDAGOGÍA EN EDUCACIÓN MEDIA EN INGLÉS"
"PREG-01473-03-00","UNIVERSIDAD DE TALCA","Acreditada",5,18,"Si","Si",2,"PEDAGOGÍA EN EDUCACIÓN MEDIA EN INGLÉS"
"PREG-00232-03-00","UNIVERSIDAD CATÓLICA DE LA SANTÍSIMA CONCEPCIÓN","Acreditada",4,20,"No","Si",1,"PEDAGOGÍA EN EDUCACIÓN MEDIA EN INGLÉS"
"PREG-00515-05-00","UNIVERSIDAD DE LOS LAGOS","Acreditada",3,20,"No","No",0,"PEDAGOGÍA EN EDUCACIÓN MEDIA CON MENCIÓN EN LENGUA CASTELLANA Y COMUNICACIONES"
"PREG-00517-04-00","UNIVERSIDAD DE LOS LAGOS","Acreditada",6,20,"No","Si",2,"PEDAGOGÍA EN EDUCACIÓN MEDIA EN MATEMÁTICA Y COMPUTACIÓN"
"PREG-00524-04-00","UNIVERSIDAD DE MAGALLANES","Acreditada",5,20,"No","Si",1,"PEDAGOGÍA EN CASTELLANO Y COMUNICACIÓN PARA ENSEÑANZA MEDIA"
"PREG-00525-04-00","UNIVERSIDAD DE MAGALLANES","Acreditada",4,20,"Si","Si",2,"PEDAGOGÍA EN EDUCACIÓN FÍSICA PARA ENSEÑANZA BÁSICA Y MEDIA"
"PREG-00526-04-00","UNIVERSIDAD DE MAGALLANES","No acreditada",4,20,"No","Si",1,"PEDAGOGÍA EN HISTORIA Y CIENCIAS SOCIALES PARA ENSEÑANZA MEDIA"
"PREG-00527-05-00","UNIVERSIDAD DE MAGALLANES","Acreditada",4,20,"Si","Si",1,"PEDAGOGÍA EN INGLÉS PARA ENSEÑANZA BÁSICA Y MEDIA"
"PREG-01987-02-00","UNIVERSIDAD DE O HIGGINS","Acreditada",5,20,"No","Si",1,"PEDAGOGÍA EN INGLÉS PARA ENSEÑANZA BÁSICA Y MEDIA"
"PREG-00218-05-00","UNIVERSIDAD BERNARDO O HIGGINS","Acreditada",4,20,"Si","Si",1,"PEDAGOGÍA EN INGLÉS PARA ENSEÑANZA BÁSICA Y MEDIA"
"PREG-00528-03-00","UNIVERSIDAD DE MAGALLANES","Acreditada",3,20,"No","Si",1,"PEDAGOGÍA EN MATEMÁTICA PARA ENSEÑANZA MEDIA"
"PREG-00536-05-00","UNIVERSIDAD DE PLAYA ANCHA DE CIENCIAS DE LA EDUCACIÓN","Acreditada",3,18,"Si","No",0,"PEDAGOGÍA EN BIOLOGÍA Y CIENCIAS"
"PREG-00547-05-00","UNIVERSIDAD DE PLAYA ANCHA DE CIENCIAS DE LA EDUCACIÓN","Acreditada",3,18,"No","No",0,"PEDAGOGÍA EN QUÍMICA Y CIENCIAS"
"PREG-01148-04-00","UNIVERSIDAD ALBERTO HURTADO","Acreditada",5,20,"Si","No",0,"PEDAGOGÍA EN ARTES VISUALES"
"PREG-00423-05-00","UNIVERSIDAD DE CONCEPCIÓN","Acreditada",6,20,"Si","Si",1,"PEDAGOGÍA EN ARTES VISUALES"
"PREG-02056-01-00","UNIVERSIDAD DE LOS LAGOS","Acreditada",2,20,"Si","Si",2,"PEDAGOGÍA EN ARTES VISUALES"
"PREG-00665-04-00","UNIVERSIDAD DEL BÍO-BÍO","No acreditada",3,20,"No","Si",2,"PEDAGOGÍA EN CIENCIAS NATURALES MENCIÓN BIOLOGÍA O FÍSICA O QUÍMICA"
"PREG-00668-04-00","UNIVERSIDAD DEL BÍO-BÍO","Acreditada",6,20,"No","Si",2,"PEDAGOGÍA EN EDUCACIÓN MATEMÁTICA"
"PREG-01989-03-00","UNIVERSIDAD CATÓLICA DE LA SANTÍSIMA CONCEPCIÓN","Acreditada",2,6,"Si","Si",1,"PROGRAMA DE FORMACIÓN PEDAGÓGICA"
"PREG-01839-02-00","PONTIFICIA UNIVERSIDAD CATÓLICA DE CHILE","Acreditada",5,4,"No","No",0,"PROGRAMA DE FORMACIÓN PEDAGÓGICA"
"PREG-00156-06-00","UNIVERSIDAD ANDRÉS BELLO","Acreditada",4,20,"Si","Si",1,"PEDAGOGÍA EN INGLÉS PARA LA ENSEÑANZA BÁSICA Y MEDIA"
"PREG-00730-03-00","UNIVERSIDAD MAYOR","Acreditada",6,,,,,"PEDAGOGÍA EN ARTES MUSICALES PARA EDUCACIÓN BÁSICA Y MEDIA"
"PREG-00732-04-00","UNIVERSIDAD MAYOR","Acreditada",5,20,"Si","Si",3,"PEDAGOGÍA EN EDUCACIÓN FÍSICA, DEPORTES Y RECREACIÓN PARA EDUCACIÓN BÁSICA Y MEDIA"
"PREG-00735-04-00","UNIVERSIDAD MAYOR","Acreditada",5,,,,,"PEDAGOGÍA EN INGLÉS PARA EDUCACIÓN BÁSICA Y MEDIA"
"PREG-01913-02-00","PONTIFICIA UNIVERSIDAD CATÓLICA DE CHILE","Acreditada",,20,"No","Si",1,"PEDAGOGÍA EN INGLÉS PARA EDUCACIÓN BÁSICA Y MEDIA"
"PREG-02051-02-00","UNIVERSIDAD DE ANTOFAGASTA","Acreditada",2,20,"Si","No",0,"PEDAGOGÍA EN INGLÉS PARA EDUCACIÓN BÁSICA Y MEDIA"
"PREG-00739-04-00","UNIVERSIDAD METROPOLITANA DE CIENCIAS DE LA EDUCACIÓN","Acreditada",6,20,"No","No",0,"LICENCIATURA EN EDUCACIÓN CON MENCIÓN EN ALEMÁN Y PEDAGOGÍA EN ALEMÁN"
"PREG-00740-05-00","UNIVERSIDAD METROPOLITANA DE CIENCIAS DE LA EDUCACIÓN","Acreditada",,20,"No","Si",1,"LICENCIATURA EN EDUCACIÓN CON MENCIÓN EN CASTELLANO Y PEDAGOGÍA EN CASTELLANO"
"PREG-00741-06-00","UNIVERSIDAD METROPOLITANA DE CIENCIAS DE LA EDUCACIÓN","Acreditada",3,20,"No","Si",1,"LICENCIATURA EN EDUCACIÓN CON MENCIÓN EN FRANCÉS Y PEDAGOGÍA EN FRANCÉS"
"PREG-00743-05-00","UNIVERSIDAD METROPOLITANA DE CIENCIAS DE LA EDUCACIÓN","Acreditada",5,20,"No","No",0,"LICENCIATURA EN EDUCACIÓN CON MENCIÓN EN INGLÉS Y PEDAGOGÍA EN INGLÉS"
"PREG-00744-06-00","UNIVERSIDAD METROPOLITANA DE CIENCIAS DE LA EDUCACIÓN","Acreditada",4,20,"Si","No",0,"LICENCIATURA EN EDUCACIÓN Y PEDAGOGÍA EN ARTES VISUALES"
"PREG-00748-04-00","UNIVERSIDAD METROPOLITANA DE CIENCIAS DE LA EDUCACIÓN","Acreditada",6,20,"No","Si",1,"LICENCIATURA EN EDUCACIÓN Y PEDAGOGÍA EN EDUCACIÓN FÍSICA, DEPORTES Y RECREACIÓN"
"PREG-00347-05-00","UNIVERSIDAD DE ATACAMA","Acreditada",4,18,"No","No",0,"LICENCIATURA EN EDUCACIÓN Y PEDAGOGÍA EN EDUCACIÓN GENERAL BÁSICA"
"PREG-00348-06-00","UNIVERSIDAD DE ATACAMA","Acreditada",4,18,"Si","No",0,"LICENCIATURA EN EDUCACIÓN Y PEDAGOGÍA EN EDUCACIÓN PARVULARIA"
"PREG-00756-05-00","UNIVERSIDAD METROPOLITANA DE CIENCIAS DE LA EDUCACIÓN","Acreditada",,20,"No","Si",3,"LICENCIATURA EN EDUCACIÓN Y PEDAGOGÍA EN FILOSOFÍA"
"PREG-00516-05-00","UNIVERSIDAD DE LOS LAGOS","Acreditada",6,20,"No","No",0,"PEDAGOGÍA EN EDUCACIÓN MEDIA EN HISTORIA Y GEOGRAFÍA"
"PREG-01946-03-00","UNIVERSIDAD DE TALCA","Acreditada",4,20,"Si","Si",1,"PEDAGOGÍA EN EDUCACIÓN GENERAL BÁSICA, MENCIÓN INGLÉS"
"PREG-01164-04-00","UNIVERSIDAD CATÓLICA DE LA SANTÍSIMA CONCEPCIÓN","Acreditada",4,18,"No","Si",1,"PEDAGOGÍA EN EDUCACIÓN MEDIA EN MATEMÁTICA"
"PREG-01197-04-00","UNIVERSIDAD CATÓLICA SILVA HENRÍQUEZ","Acreditada",4,8,"Si","Si",1,"PEDAGOGÍA EN EDUCACIÓN TÉCNICA Y FORMACIÓN PROFESIONAL"
"PREG-01215-04-00","UNIVERSIDAD ACADEMIA DE HUMANISMO CRISTIANO","Acreditada",5,20,"Si","Si",4,"PEDAGOGÍA EN EDUCACIÓN DIFERENCIAL MENCIÓN EN DIFICULTADES ESPECÍFICAS Y SOCIOAFECTIVAS DEL APRENDIZAJE ESCOLAR"
"PREG-02020-02-00","UNIVERSIDAD DE TALCA","Acreditada",4,20,"Si","No",0,"PEDAGOGÍA EN EDUCACIÓN MEDIA EN BIOLOGÍA Y QUÍMICA"
"PREG-01464-03-00","UNIVERSIDAD DE CHILE","Acreditada",4,20,"Si","Si",1,"PEDAGOGÍA EN EDUCACIÓN MEDIA EN BIOLOGÍA Y QUÍMICA"
"PREG-01247-03-00","UNIVERSIDAD DIEGO PORTALES","Acreditada",6,20,"Si","Si",9,"PEDAGOGÍA EN EDUCACIÓN DIFERENCIAL CON MENCIÓN EN DESARROLLO COGNITIVO"
"PREG-01251-04-00","PONTIFICIA UNIVERSIDAD CATÓLICA DE CHILE","Acreditada",5,20,"Si","Si",1,"PEDAGOGÍA MEDIA EN FÍSICA"
"PREG-01252-04-00","PONTIFICIA UNIVERSIDAD CATÓLICA DE CHILE","Acreditada",6,20,"Si","Si",1,"PEDAGOGÍA MEDIA EN MATEMÁTICA"
"PREG-00260-04-00","UNIVERSIDAD CATÓLICA DE TEMUCO","Acreditada",4,20,"Si","Si",2,"PEDAGOGÍA MEDIA EN MATEMÁTICA"
"PREG-01253-04-00","PONTIFICIA UNIVERSIDAD CATÓLICA DE CHILE","Acreditada",5,20,"No","Si",1,"PEDAGOGÍA MEDIA EN QUÍMICA"
"PREG-00134-03-00","UNIVERSIDAD ADVENTISTA DE CHILE","Acreditada",4,20,"Si","Si",1,"PEDAGOGÍA EN MÚSICA MENCIÓN EDUCACIÓN EXTRAESCOLAR"
"PREG-00270-03-00","UNIVERSIDAD CATÓLICA DE TEMUCO","Acreditada",5,20,"No","Si",3,"PEDAGOGÍA EN EDUCACIÓN BÁSICA CON MENCIÓN"
"PREG-00571-04-00","UNIVERSIDAD DE SANTIAGO DE CHILE","Acreditada",6,20,"Si","No",0,"PEDAGOGÍA EN HISTORIA Y CIENCIAS SOCIALES/LICENCIATURA EN EDUCACIÓN EN HISTORIA Y CIENCIAS SOCIALES"
"PREG-00574-03-00","UNIVERSIDAD DE SANTIAGO DE CHILE","Acreditada",4,20,"No","Si",1,"PEDAGOGÍA EN EDUCACIÓN EN QUÍMICA Y BIOLOGÍA"
"PREG-00612-03-00","UNIVERSIDAD DE TARAPACÁ","Acreditada",3,20,"No","Si",1,"PROFESOR DE EDUCACIÓN FÍSICA"
"PREG-00619-03-00","UNIVERSIDAD DE TARAPACÁ","Acreditada",6,20,"No","Si",1,"PEDAGOGÍA EN FÍSICA Y MATEMÁTICA"
"PREG-01469-03-00","UNIVERSIDAD DE ANTOFAGASTA","Acreditada",4,20,"Si","Si",2,"PEDAGOGÍA EN EDUCACIÓN PARVULARIA MENCIÓN NECESIDADES EDUCATIVAS ESPECIALES"
"PREG-01386-03-00","UNIVERSIDAD ALBERTO HURTADO","Acreditada",6,20,"Si","Si",4,"PEDAGOGÍA EN EDUCACIÓN DIFERENCIAL CON MENCIÓN EN DIFICULTADES DEL APRENDIZAJE ESCOLAR"
"PREG-00247-04-00","UNIVERSIDAD CATÓLICA DE TEMUCO","Acreditada",6,20,"Si","Si",8,"PEDAGOGÍA EN EDUCACIÓN DIFERENCIAL CON ESPECIALIDAD EN NECESIDADES EDUCATIVAS ESPECIALES TRANSITORIAS Y DEFICIENCIA MENTAL"
"PREG-00749-07-00","UNIVERSIDAD METROPOLITANA DE CIENCIAS DE LA EDUCACIÓN","Acreditada",5,20,"No","No",0,"LICENCIATURA EN EDUCACIÓN Y PEDAGOGÍA EN MÚSICA"
"PREG-00750-05-00","UNIVERSIDAD METROPOLITANA DE CIENCIAS DE LA EDUCACIÓN","Acreditada",3,20,"No","No",0,"LICENCIATURA EN EDUCACIÓN EN QUÍMICA Y PEDAGOGÍA EN QUÍMICA, MENCIÓN CIENCIAS NATURALES, O MENCIÓN EN EDUCACION EN ASTRONOMÍA O MENCIÓN EDUCACION EN TECNOLOGÍA O MENCIÓN INFORMÁTICA EDUCATIVA O MENCIÓN ESTADÍSTICA EDUCACIONAL"
"PREG-01508-03-00","UNIVERSIDAD ARTURO PRAT","Acreditada",,,,,,"EDUCACIÓN PARVULARIA INTERCULTURAL"
"PREG-00575-03-00","UNIVERSIDAD DE SANTIAGO DE CHILE","Acreditada",6,18,"Si","Si",1,"PEDAGOGÍA EN FÍSICA Y MATEMÁTICA / LICENCIATURA EN EDUCACIÓN DE FÍSICA Y MATEMÁTICA"
"PREG-00572-04-00","UNIVERSIDAD DE SANTIAGO DE CHILE","Acreditada",4,20,"No","Si",1,"PEDAGOGÍA EN INGLÉS / LICENCIATURA EN EDUCACIÓN EN INGLÉS"
"PREG-01618-04-00","PONTIFICIA UNIVERSIDAD CATÓLICA DE CHILE","Acreditada",3,20,"Si","Si",1,"PEDAGOGÍA EN RELIGIÓN CATÓLICA"
"PREG-00746-04-00","UNIVERSIDAD METROPOLITANA DE CIENCIAS DE LA EDUCACIÓN","Acreditada",5,20,"No","Si",1,"LICENCIATURA EN EDUCACIÓN EN FÍSICA Y PEDAGOGÍA EN FÍSICA CON MENCIÓN EN CIENCIAS NATURALES, O MENCIÓN EDUCACIÓN EN ASTRONOMÍA, O MENCIÓN EDUCACIÓN EN TECNOLOGÍA, O MENCIÓN INFORMÁTICA EDUCATIVA, O MENCIÓN ESTADÍSTICA EDUCACIONAL"
"PREG-01634-02-00","UNIVERSIDAD DE TALCA","Acreditada",5,16,"Si","Si",3,"PEDAGOGÍA EN EDUCACIÓN GENERAL BÁSICA, MENCIÓN EN ALEMÁN"
"PREG-01635-02-00","UNIVERSIDAD DE TALCA","Acreditada",4,16,"Si","Si",3,"PEDAGOGÍA EN EDUCACIÓN MEDIA EN ALEMÁN"
"PREG-01636-03-00","UNIVERSIDAD DE TALCA","Acreditada",4,16,"Si","Si",2,"PEDAGOGÍA EN EDUCACIÓN PARVULARIA, CON MENCIÓN EN ALEMÁN"
"PREG-01822-03-00","UNIVERSIDAD ADVENTISTA DE CHILE","Acreditada",,20,"Si","Si",1,"PEDAGOGÍA EN EDUCACIÓN DIFERENCIAL CON MENCIÓN EN DIFICULTADES ESPECÍFICAS DEL APRENDIZAJE"
"PREG-00511-05-00","UNIVERSIDAD DE LOS LAGOS","Acreditada",2,20,"No","No",0,"PEDAGOGÍA EN EDUCACIÓN MEDIA EN ARTES CON MENCIONES EN MÚSICA Y ARTES VISUALES"
"PREG-00165-05-00","UNIVERSIDAD ARTURO PRAT","Acreditada",3,20,"No","Si",1,"PEDAGOGÍA EN EDUCACIÓN FÍSICA PARA EL PRE ESCOLAR, BÁSICA Y MEDIA"
"PREG-00569-04-00","UNIVERSIDAD DE SANTIAGO DE CHILE","Acreditada",6,20,"No","Si",1,"PEDAGOGÍA EN CASTELLANO / LICENCIATURA EN EDUCACIÓN EN CASTELLANO"
"PREG-01439-03-00","UNIVERSIDAD DE ANTOFAGASTA","Acreditada",,20,"Si","Si",1,"PEDAGOGÍA EN EDUCACIÓN BÁSICA, MENCIONES LENGUAJE Y COMUNICACIÓN Y MATEMÁTICA"
"PREG-01912-02-00","UNIVERSIDAD DE LOS ANDES","Acreditada",5,8,"Si","No",0,"PROGRAMA PEDAGOGÍA MEDIA EN RELIGIÓN CATÓLICA"
"PREG-00582-05-00","UNIVERSIDAD DE SANTIAGO DE CHILE","Acreditada",5,10,"Si","No",0,"PROGRAMA ESPECIAL DE REGULARIZACIÓN DE TÍTULO DE PROFESOR DE ESTADO PARA LA EDUCACIÓN TÉCNICO PROFESIONAL"
"PREG-01932-02-00","UNIVERSIDAD DE TALCA","Acreditada",5,16,"Si","Si",2,"PEDAGOGÍA EN EDUCACIÓN PARVULARIA, MENCIÓN INGLÉS"
"PREG-01283-04-00","UNIVERSIDAD AUSTRAL DE CHILE","Acreditada",3,20,"Si","Si",1,"PEDAGOGÍA EN EDUCACIÓN BÁSICA CON MENCIONES"
"PREG-00673-04-00","UNIVERSIDAD DEL DESARROLLO","Acreditada",6,20,"Si","Si",1,"PEDAGOGÍA EN EDUCACIÓN BÁSICA CON MENCIONES"
"PREG-00674-04-00","UNIVERSIDAD DEL DESARROLLO","Acreditada",,4,"No","Si",1,"PROGRAMA DE FORMACIÓN PEDAGÓGICA PARA LICENCIADOS Y PROFESIONALES"
"PREG-01948-02-00","UNIVERSIDAD DE TALCA","Acreditada",4,4,"Si","No",0,"PROGRAMA ESPECIAL DE FORMACIÓN PEDAGÓGICA EN EDUCACIÓN MEDIA EN ALEMÁN"
"PREG-00539-04-00","UNIVERSIDAD DE PLAYA ANCHA DE CIENCIAS DE LA EDUCACIÓN","Acreditada",6,18,"Si","No",0,"PEDAGOGÍA EN EDUCACIÓN FÍSICA DAMAS / PEDAGOGÍA EN EDUCACIÓN FÍSICA VARONES"
"PREG-01991-02-00","UNIVERSIDAD CATÓLICA DE TEMUCO","Acreditada",2,16,"Si","Si",2,"PEDAGOGÍA EN EDUCACIÓN FÍSICA, PROSECUCIÓN DE ESTUDIOS"
"PREG-01994-02-00","UNIVERSIDAD DE TARAPACÁ","Acreditada",2,,,,,"PROGRAMA DE PROSECUCIÓN DE ESTUDIOS CARRERA PEDAGOGÍA EN EDUCACIÓN BÁSICA"
"PREG-02016-02-00","UNIVERSIDAD DE O HIGGINS","Acreditada",5,20,"Si","Si",2,"PEDAGOGÍA EN EDUCACIÓN ESPECIAL CON MENCIONES"
"PREG-00824-05-00","UNIVERSIDAD DE LOS ANDES","Acreditada",5,8,"Si","No",0,"PEDAGOGÍA MEDIA PARA LICENCIADOS"
"PREG-02018-02-00","UNIVERSIDAD SAN SEBASTIÁN","Acreditada",3,8,"Si","Si",1,"PROGRAMA DE PROSECUCIÓN DE ESTUDIOS DE PEDAGOGÍA EN EDUCACIÓN DIFERENCIAL; MENCIÓN ACCESIBILIDAD A LOS APRENDIZAJES"
"PREG-00215-04-00","UNIVERSIDAD BERNARDO O HIGGINS","Acreditada",4,20,"Si","Si",2,"PEDAGOGÍA EN EDUCACIÓN FÍSICA, DEPORTE Y RECREACIÓN PARA ENSEÑANZA BÁSICA Y MEDIA"
"PREG-02017-02-00","UNIVERSIDAD DE LOS ANDES","Acreditada",5,20,"No","Si",1,"PEDAGOGÍA BÁSICA BILINGÜE INGLÉS/ESPAÑOL"
"PREG-02024-02-00","UNIVERSIDAD AUSTRAL DE CHILE","Acreditada",2,8,"Si","Si",2,"PROGRAMA DE FORMACIÓN DE PROFESORES PARA ENSEÑANZA MEDIA"
"PREG-02025-02-00","UNIVERSIDAD DE VALPARAÍSO","Acreditada",4,20,"Si","Si",1,"PEDAGOGÍA EN MATEMÁTICAS O LICENCIATURA EN MATEMÁTICAS"
"PREG-01666-02-00","UNIVERSIDAD ACADEMIA DE HUMANISMO CRISTIANO","Acreditada",5,8,"Si","Si",3,"PROGRAMA DE SEGUNDA TITULACIÓN PEDAGOGÍA EN EDUCACIÓN DIFERENCIAL MENCIÓN EN TRASTORNOS ESPECÍFICOS DEL LENGUAJE ORAL"
"PREG-00754-05-00","UNIVERSIDAD METROPOLITANA DE CIENCIAS DE LA EDUCACIÓN","Acreditada",5,20,"No","Si",2,"LICENCIATURA EN EDUCACIÓN Y PEDAGOGÍA EN EDUCACIÓN BÁSICA CON MENCIÓN"
"PREG-01934-02-00","UNIVERSIDAD DE SANTIAGO DE CHILE","Acreditada",4,20,"Si","Si",3,"PEDAGOGÍA EN EDUCACIÓN FÍSICA / LICENCIATURA EN EDUCACIÓN EN CIENCIAS DE LA ACTIVIDAD FÍSICA Y LA SALUD"
"PREG-02031-02-00","UNIVERSIDAD VIÑA DEL MAR","Acreditada",3,14,"Si","Si",7,"PEDAGOGÍA EN EDUCACIÓN DIFERENCIAL, MENCIÓN DISCAPACIDAD INTELECTUAL"
"PREG-01385-03-00","UNIVERSIDAD ALBERTO HURTADO","Acreditada",4,20,"No","Si",1,"PEDAGOGÍA EN BIOLOGÍA Y CIENCIAS NATURALES EN EDUCACIÓN MEDIA"
"PREG-02033-02-00","UNIVERSIDAD DE LOS LAGOS","Acreditada",2,12,"Si","Si",1,"PROGRAMA DE PROSECUCIÓN DE ESTUDIOS EN EDUCACIÓN PARVULARIA"
"PREG-02036-02-00","UNIVERSIDAD DE LOS LAGOS","Acreditada",2,12,"No","Si",1,"PROGRAMA DE PROSECUCIÓN DE ESTUDIOS EN EDUCACIÓN FÍSICA"
"PREG-02034-02-00","UNIVERSIDAD DE LOS LAGOS","Acreditada",3,20,"Si","Si",3,"PEDAGOGÍA EN EDUCACIÓN BÁSICA MENCIÓN LENGUAJE Y MATEMÁTICA"
"PREG-00267-06-00","UNIVERSIDAD CATÓLICA DEL MAULE","Acreditada",6,20,"Si","Si",2,"PEDAGOGÍA EN EDUCACIÓN PARVULARIA CON MENCIÓN PSICOMOTRICIDAD Y VIDA SALUDABLE O INGLÉS INICIAL"
"PREG-00751-05-00","UNIVERSIDAD METROPOLITANA DE CIENCIAS DE LA EDUCACIÓN","Acreditada",7,20,"Si","Si",2,"LICENCIATURA EN EDUCACIÓN Y PEDAGOGÍA EN EDUCACIÓN ESPECIAL CON ESPECIALIDAD EN DISCAPACIDAD MENTAL Y DESARROLLO COGNITIVO"
"PREG-02037-01-00","UNIVERSIDAD SANTO TOMÁS","No acreditada",,12,"Si","Si",2,"PROGRAMA DE PEDAGOGÍA EN EDUCACIÓN FÍSICA PLAN DE PROSECUCIÓN DE ESTUDIOS"
"PREG-00669-05-00","UNIVERSIDAD DEL BÍO-BÍO","Acreditada",7,20,"Si","Si",3,"PEDAGOGÍA EN EDUCACIÓN PARVULARIA CON MENCIÓN EN DIDÁCTICA EN PRIMERA INFANCIA"
"PREG-00711-04-00","UNIVERSIDAD FINIS TERRAE","Acreditada",5,20,"No","Si",1,"PEDAGOGIA EN EDUCACION BÁSICA"
"PREG-00742-05-00","UNIVERSIDAD METROPOLITANA DE CIENCIAS DE LA EDUCACIÓN","Acreditada",5,20,"Si","Si",1,"LICENCIATURA EN EDUCACIÓN CON MENCIÓN EN HISTORIA O GEOGRAFÍA Y PEDAGOGÍA EN HISTORIA Y GEOGRAFÍA"
"PREG-02042-01-00","UNIVERSIDAD AUTÓNOMA DE CHILE","Acreditada",3,20,"Si","Si",5,"PEDAGOGÍA EN EDUCACIÓN DIFERENCIAL CON MENCIÓN EN ACCESIBILIDAD AL APRENDIZAJE Y LA PARTICIPACIÓN"
"PREG-02043-01-00","UNIVERSIDAD VIÑA DEL MAR","Acreditada",4,9,"Si","Si",1,"EDUCACIÓN PARVULARIA (PROGRAMA DE PROSECUCIÓN DE ESTUDIOS)"
"PREG-00755-05-00","UNIVERSIDAD METROPOLITANA DE CIENCIAS DE LA EDUCACIÓN","Acreditada",6,20,"Si","Si",1,"LICENCIATURA EN EDUCACIÓN Y PEDAGOGÍA EN EDUCACIÓN PARVULARIA CON MENCIÓN EN INTEGRACIÓN CURRICULAR"
"PREG-00753-05-00","UNIVERSIDAD METROPOLITANA DE CIENCIAS DE LA EDUCACIÓN","Acreditada",5,20,"Si","Si",7,"LICENCIATURA EN EDUCACIÓN Y PEDAGOGÍA EN EDUCACIÓN ESPECIAL CON ESPECIALIDAD EN PERSONAS CIEGAS Y RETOS MÚLTIPLES"
"PREG-00253-04-00","UNIVERSIDAD CATÓLICA DE TEMUCO","Acreditada",3,,,,,"PEDAGOGÍA EN EDUCACIÓN BÁSICA INTERCULTURAL EN CONTEXTO MAPUCHE"
"PREG-00297-05-00","UNIVERSIDAD CATÓLICA SILVA HENRÍQUEZ","Acreditada",4,20,"Si","Si",1,"PEDAGOGÍA EN EDUCACIÓN ARTÍSTICA CON MENCIONES EN ARTES VISUALES Y ARTES MUSICALES"
"PREG-00381-03-00","UNIVERSIDAD DE CHILE","Acreditada",6,6,"No","Si",1,"LICENCIATURA EN EDUCACIÓN MEDIA CON MENCIÓN. PROFESOR (A) DE EDUCACIÓN MEDIA EN LAS ASIGNATURAS CIENTÍFICO-HUMANISTAS CON MENCIÓN"
"PREG-00570-04-00","UNIVERSIDAD DE SANTIAGO DE CHILE","Acreditada",5,20,"No","Si",1,"PEDAGOGÍA EN FILOSOFÍA / LICENCIATURA EN EDUCACIÓN EN FILOSOFÍA"
"PREG-00747-06-00","UNIVERSIDAD METROPOLITANA DE CIENCIAS DE LA EDUCACIÓN","Acreditada",5,20,"No","Si",3,"LICENCIATURA EN EDUCACIÓN EN MATEMÁTICA Y PEDAGOGÍA EN MATEMÁTICA CON MENCIÓN ESTADÍSTICA EDUCACIONAL O MENCIÓN INFORMÁTICA EDUCATIVA"
"PREG-00157-03-00","UNIVERSIDAD ANDRÉS BELLO","Acreditada",,6,"No","Si",1,"PEDAGOGÍA EN EDUCACIÓN MEDIA PARA LICENCIADOS Y TITULADOS"
"PREG-00148-05-00","UNIVERSIDAD ANDRÉS BELLO","Acreditada",3,20,"Si","Si",3,"EDUCACIÓN GENERAL BÁSICA CON MENCIÓN EN ORIENTACIÓN Y CONVIVENCIA ESCOLAR"
"PREG-02049-01-00","UNIVERSIDAD DE O HIGGINS","Acreditada",3,20,"No","Si",1,"PEDAGOGÍA EN CIENCIAS NATURALES CON MENCIONES"
"PREG-00757-05-00","UNIVERSIDAD METROPOLITANA DE CIENCIAS DE LA EDUCACIÓN","Acreditada",6,20,"Si","Si",4,"LICENCIATURA EN EDUCACIÓN Y PEDAGOGÍA EN EDUCACIÓN ESPECIAL CON ESPECIALIDAD EN COMUNICACIÓN Y LENGUAJE, O EDUCACIÓN DE LAS PERSONAS SORDAS, O EN APRENDIZAJE"
"PREG-02054-01-00","UNIVERSIDAD CATÓLICA DE TEMUCO","Acreditada",3,8,"No","No",0,"PEDAGOGÍA EN ARTES VISUALES MODALIDAD PROSECUCIÓN DE ESTUDIOS"
"PREG-00167-05-00","UNIVERSIDAD ARTURO PRAT","Acreditada",4,20,"Si","Si",1,"PEDAGOGÍA EN INGLÉS PARA ENSEÑANZA PRE-ESCOLAR, BÁSICA Y MEDIA"
"PREG-02015-02-00","PONTIFICIA UNIVERSIDAD CATÓLICA DE CHILE","Acreditada",3,20,"No","Si",1,"PEDAGOGÍA EN EDUCACIÓN FÍSICA Y SALUD PARA EDUCACIÓN BÁSICA Y MEDIA"
"PREG-00573-04-00","UNIVERSIDAD DE SANTIAGO DE CHILE","Acreditada",4,20,"No","Si",1,"PEDAGOGÍA EN MATEMÁTICA Y COMPUTACIÓN/LICENCIATURA EN EDUCACIÓN EN MATEMÁTICA Y COMPUTACIÓN"
"PREG-00504-03-00","UNIVERSIDAD DE LOS ANDES","Acreditada",6,20,"No","Si",1,"PEDAGOGÍA BÁSICA CON MENCIONES"
"PREG-00502-03-00","UNIVERSIDAD DE LOS ANDES","Acreditada",7,20,"No","Si",1,"EDUCACIÓN DE PÁRVULOS CON MENCIONES"
"PREG-00274-04-00","UNIVERSIDAD CATÓLICA DEL MAULE","Acreditada",4,18,"Si","Si",1,"PEDAGOGÍA EN CIENCIAS CON MENCIÓN EN BIOLOGÍA, FÍSICA O QUÍMICA"
"PREG-00105-05-00","PONTIFICIA UNIVERSIDAD CATÓLICA DE VALPARAÍSO","Acreditada",5,20,"Si","Si",1,"PEDAGOGÍA EN FÍSICA Y CIENCIAS NATURALES"
"PREG-01363-02-00","UNIVERSIDAD CATÓLICA DE TEMUCO","No acreditada",3,24,"Si","Si",1,"PEDAGOGÍA EN RELIGIÓN CATÓLICA MODALIDAD PARALELA"
"PREG-00657-05-00","UNIVERSIDAD DEL BÍO-BÍO","Acreditada",3,20,"Si","Si",3,"PEDAGOGÍA EN EDUCACIÓN GENERAL BÁSICA CON MENCIÓN EN LENGUAJE Y COMUNICACIÓN O EDUCACIÓN MATEMÁTICA"
"PREG-02061-01-00","UNIVERSIDAD FINIS TERRAE","Acreditada",3,6,"Si","Si",1,"PROGRAMA DE FORMACIÓN PEDAGÓGICA EN EDUCACIÓN MEDIA PARA LICENCIADOS Y PROFESIONALES"
"PREG-02063-01-00","UNIVERSIDAD CATÓLICA DEL NORTE","Acreditada",3,20,"Si","Si",3,"PEDAGOGÍA EN EDUCACIÓN PARVULARIA CON MENCIÓN EN DESARROLLO EMOCIONAL Y COGNITIVO"
"PREG-02064-01-00","UNIVERSIDAD CATÓLICA DEL NORTE","Acreditada",3,20,"Si","Si",3,"PEDAGOGÍA EN EDUCACIÓN DIFERENCIAL CON MENCIÓN EN DESARROLLO EMOCIONAL Y COGNITIVO"
"PREG-01990-03-00","UNIVERSIDAD CATÓLICA DE TEMUCO","Acreditada",4,12,"Si","Si",2,"EDUCACIÓN DE PÁRVULOS, PROSECUCIÓN DE ESTUDIOS"
"PREG-02019-02-00","UNIVERSIDAD DE TALCA","Acreditada",4,20,"Si","Si",1,"PEDAGOGÍA EN EDUCACIÓN MEDIA EN MATEMÁTICA Y FÍSICA"
"PREG-00519-04-00","UNIVERSIDAD DE MAGALLANES","Acreditada",4,20,"Si","Si",2,"PEDAGOGÍA EN EDUCACIÓN BÁSICA, MENCIÓN LENGUAJE Y MATEMÁTICA"
"PREG-02059-01-00","UNIVERSIDAD SAN SEBASTIÁN","Acreditada",2,,,,,"EDUCACIÓN PARVULARIA – PROGRAMA DE PROSECUCIÓN DE ESTUDIOS"
"PREG-02067-01-00","UNIVERSIDAD DE TALCA","Acreditada",2,8,"Si","No",0,"PROGRAMA DE FORMACIÓN PEDAGÓGICA PARA PROFESIONALES Y/O LICENCIADOS(AS)"
"PREG-02068-01-00","UNIVERSIDAD ARTURO PRAT","Acreditada",2,20,"Si","Si",3,"PEDAGOGÍA EN EDUCACIÓN DIFERENCIAL MENCIÓN DIFICULTADES DE APRENDIZAJE"
"PREG-00745-05-00","UNIVERSIDAD METROPOLITANA DE CIENCIAS DE LA EDUCACIÓN","Acreditada",5,,,,,"LICENCIATURA EN EDUCACIÓN EN BIOLOGÍA Y PEDAGOGÍA EN BIOLOGÍA CON MENCIONES"
"PREG-02072-01-00","UNIVERSIDAD DEL BÍO-BÍO","Acreditada",2,20,"Si","Si",8,"PEDAGOGÍA EN EDUCACIÓN ESPECIAL CON MENCIÓN EN DIFICULTADES ESPECÍFICAS DEL APRENDIZAJE"
"PREG-00209-03-00","UNIVERSIDAD AUTÓNOMA DE CHILE","Acreditada",,20,"Si","Si",3,"PEDAGOGÍA EN EDUCACIÓN BÁSICA MENCIÓN EN EDUCACIÓN MATEMÁTICA O LENGUAJE Y COMUNICACIÓN"
"PREG-01977-02-00","UNIVERSIDAD SAN SEBASTIÁN","Acreditada",3,5,"Si","Si",1,"PROGRAMA DE FORMACIÓN PEDAGÓGICA PARA LICENCIADOS Y/O PROFESIONALES EN EL ÁREA DE MATEMÁTICA"
"PREG-00220-02-00","UNIVERSIDAD BOLIVARIANA","No acreditada",,,,,,"PEDAGOGÍA EN EDUCACIÓN PARVULARIA"
"PREG-00320-01-00","UNIVERSIDAD DE ACONCAGUA","No acreditada",,,,,,"PEDAGOGÍA EN EDUCACIÓN PARVULARIA"
"PREG-00692-01-00","UNIVERSIDAD DEL PACÍFICO","No acreditada",,,,,,"PEDAGOGÍA EN EDUCACIÓN PARVULARIA"
"PREG-01243-01-00","UNIVERSIDAD DE ARTE Y CIENCIAS SOCIALES ARCIS","No acreditada",,,,,,"PEDAGOGÍA EN EDUCACIÓN PARVULARIA"
"PREG-01887-01-00","UNIVERSIDAD SEK","No acreditada",,,,,,"PEDAGOGÍA EN EDUCACIÓN PARVULARIA"
"PREG-00722-02-00","UNIVERSIDAD SEK","No acreditada",,,,,,"EDUCACIÓN PARVULARIA"
"PREG-00776-03-00","UNIVERSIDAD SANTO TOMÁS","No acreditada",,20,"Si","Si",1,"EDUCACIÓN PARVULARIA"
"PREG-00717-01-00","UNIVERSIDAD GABRIELA MISTRAL","No acreditada",,,,,,"EDUCACIÓN PARVULARIA"
"PREG-00676-02-00","UNIVERSIDAD DEL MAR","No acreditada",,,,,,"EDUCACIÓN PARVULARIA"
"PREG-00391-02-00","UNIVERSIDAD UCINF","No acreditada",,,,,,"EDUCACIÓN PARVULARIA"
"PREG-00321-04-00","UNIVERSIDAD DE ANTOFAGASTA","No acreditada",,,,,,"EDUCACIÓN PARVULARIA"
"PREG-00716-01-00","UNIVERSIDAD GABRIELA MISTRAL","No acreditada",,,,,,"EDUCACIÓN GENERAL BÁSICA"
"PREG-01158-02-00","UNIVERSIDAD LOS LEONES","No acreditada",,,,,,"PEDAGOGÍA EN EDUCACIÓN BÁSICA"
"PREG-00389-02-00","UNIVERSIDAD UCINF","No acreditada",,,,,,"PEDAGOGÍA EN EDUCACIÓN BÁSICA"
"PREG-01821-01-00","UNIVERSIDAD DE MAGALLANES","No acreditada",,,,,,"PEDAGOGÍA EN EDUCACIÓN BÁSICA"
"PREG-00390-02-00","UNIVERSIDAD UCINF","No acreditada",,,,,,"EDUCACIÓN DIFERENCIAL"
"PREG-01159-02-00","UNIVERSIDAD LOS LEONES","No acreditada",,,,,,"PEDAGOGÍA EN EDUCACIÓN DIFERENCIAL"
"PREG-00680-01-00","UNIVERSIDAD DEL MAR","No acreditada",,,,,,"PEDAGOGÍA EN EDUCACIÓN DIFERENCIAL"
"PREG-00166-01-00","UNIVERSIDAD ARTURO PRAT","No acreditada",,,,,,"PEDAGOGÍA EN HISTORIA Y GEOGRAFÍA"
"PREG-00155-01-00","UNIVERSIDAD ANDRÉS BELLO","No acreditada",,,,,,"PEDAGOGÍA EN HISTORIA Y GEOGRAFÍA"
"PREG-00130-05-00","UNIVERSIDAD ADVENTISTA DE CHILE","No acreditada",,20,"Si","Si",1,"PEDAGOGÍA EN HISTORIA Y GEOGRAFÍA"
"PREG-00393-02-00","UNIVERSIDAD UCINF","No acreditada",,,,,,"PEDAGOGÍA EN HISTORIA Y GEOGRAFÍA"
"PREG-00762-02-00","UNIVERSIDAD DEL ALBA","No acreditada",,,,,,"PEDAGOGÍA EN HISTORIA Y GEOGRAFÍA"
"PREG-00724-02-00","UNIVERSIDAD SEK","No acreditada",,,,,,"PEDAGOGÍA EN HISTORIA Y GEOGRAFÍA"
"PREG-00763-02-00","UNIVERSIDAD DEL ALBA","No acreditada",,,,,,"PEDAGOGÍA EN INGLÉS"
"PREG-00778-03-00","UNIVERSIDAD SANTO TOMÁS","No acreditada",,,,,,"PEDAGOGÍA EN INGLÉS"
"PREG-00994-02-00","UNIVERSIDAD SEK","No acreditada",,,,,,"PEDAGOGÍA EN INGLÉS"
"PREG-00394-02-00","UNIVERSIDAD UCINF","No acreditada",,,,,,"PEDAGOGÍA EN INGLÉS"
"PREG-00499-05-00","UNIVERSIDAD DE LAS AMÉRICAS","No acreditada",,,,,,"PEDAGOGÍA EN INGLÉS"
"PREG-00646-05-00","UNIVERSIDAD VIÑA DEL MAR","No acreditada",,,,,,"PEDAGOGÍA EN INGLÉS"
"PREG-00686-01-00","UNIVERSIDAD DEL MAR","No acreditada",,,,,,"PEDAGOGÍA EN INGLÉS"
"PREG-00303-04-00","UNIVERSIDAD CATÓLICA SILVA HENRÍQUEZ","No acreditada",,20,"No",,,"PEDAGOGÍA EN INGLÉS"
"PREG-00315-05-00","UNIVERSIDAD CENTRAL DE CHILE","No acreditada",,,,,,"PEDAGOGÍA EN INGLÉS"
"PREG-00678-01-00","UNIVERSIDAD DEL MAR","No acreditada",,,,,,"PEDAGOGÍA EN ARTES PLÁSTICAS"
"PREG-00535-05-00","UNIVERSIDAD DE PLAYA ANCHA DE CIENCIAS DE LA EDUCACIÓN","No acreditada",,,,,,"PEDAGOGÍA EN ARTES PLÁSTICAS"
"PREG-00050-02-00","PONTIFICIA UNIVERSIDAD CATÓLICA DE CHILE","No acreditada",,,,,,"PEDAGOGÍA EN CIENCIAS NATURALES Y QUÍMICA"
"PREG-00275-03-00","UNIVERSIDAD CATÓLICA DEL MAULE","No acreditada",,,,,,"PEDAGOGÍA EN EDUCACIÓN GENERAL BÁSICA"
"PREG-00319-01-00","UNIVERSIDAD DE ACONCAGUA","No acreditada",,,,,,"PEDAGOGÍA EN EDUCACIÓN GENERAL BÁSICA"
"PREG-00330-02-00","UNIVERSIDAD DE ANTOFAGASTA","No acreditada",,,,,,"PEDAGOGÍA EN EDUCACIÓN GENERAL BÁSICA"
"PREG-00682-01-00","UNIVERSIDAD DEL MAR","No acreditada",,,,,,"PEDAGOGÍA EN EDUCACIÓN GENERAL BÁSICA"
"PREG-00691-02-00","UNIVERSIDAD DEL PACÍFICO","No acreditada",,,,,,"PEDAGOGÍA EN EDUCACIÓN GENERAL BÁSICA"
"PREG-00723-02-00","UNIVERSIDAD SEK","No acreditada",,,,,,"PEDAGOGÍA EN EDUCACIÓN GENERAL BÁSICA"
"PREG-00912-01-00","UNIVERSIDAD MIGUEL DE CERVANTES","No acreditada",,,,,,"PEDAGOGÍA EN EDUCACIÓN GENERAL BÁSICA"
"PREG-00684-01-00","UNIVERSIDAD DEL MAR","No acreditada",,,,,,"PEDAGOGÍA EN EDUCACIÓN MUSICAL"
"PREG-00225-02-00","UNIVERSIDAD BOLIVARIANA","No acreditada",,,,,,"PEDAGOGÍA EN EDUCACIÓN MUSICAL"
"PREG-00331-01-00","UNIVERSIDAD DE ANTOFAGASTA","No acreditada",,,,,,"PEDAGOGÍA EN FILOSOFÍA"
"PREG-00213-02-00","UNIVERSIDAD AUTÓNOMA DE CHILE","No acreditada",,,,,,"PEDAGOGÍA EN MATEMÁTICAS"
"PREG-00726-02-00","UNIVERSIDAD SEK","No acreditada",,,,,,"PEDAGOGÍA EN MATEMÁTICAS"
"PREG-00720-02-00","UNIVERSIDAD IBEROAMERICANA DE CIENCIAS Y TECNOLOGÍA UNICIT","No acreditada",,,,,,"PEDAGOGÍA EN MATEMÁTICAS Y FÍSICA"
"PREG-00059-02-00","PONTIFICIA UNIVERSIDAD CATÓLICA DE CHILE","No acreditada",,,,,,"PEDAGOGÍA EN MATEMÁTICAS Y FÍSICA"
"PREG-00689-01-00","UNIVERSIDAD DEL MAR","No acreditada",,,,,,"PEDAGOGÍA EN MATEMÁTICAS Y FÍSICA"
"PREG-00932-01-00","UNIVERSIDAD DE ANTOFAGASTA","No acreditada",,,,,,"PEDAGOGÍA EN QUÍMICA"
"PREG-00111-03-00","PONTIFICIA UNIVERSIDAD CATÓLICA DE VALPARAÍSO","No acreditada",,,,,,"PEDAGOGÍA EN RELIGIÓN Y MORAL"
"PREG-00126-02-00","UNIVERSIDAD ADVENTISTA DE CHILE","No acreditada",,,,,,"PEDAGOGÍA EN BIOLOGÍA Y CIENCIAS NATURALES"
"PREG-00496-03-00","UNIVERSIDAD DE LAS AMÉRICAS","No acreditada",,,,,,"PEDAGOGÍA EN BIOLOGÍA Y CIENCIAS NATURALES"
"PREG-00642-05-00","UNIVERSIDAD VIÑA DEL MAR","No acreditada",,,,,,"PEDAGOGÍA EN EDUCACIÓN FÍSICA"
"PREG-00695-02-00","UNIVERSIDAD DEL PACÍFICO","No acreditada",,,,,,"PEDAGOGÍA EN EDUCACIÓN FÍSICA"
"PREG-00681-01-00","UNIVERSIDAD DEL MAR","No acreditada",,,,,,"PEDAGOGÍA EN EDUCACIÓN FÍSICA"
"PREG-00392-02-00","UNIVERSIDAD UCINF","No acreditada",,,,,,"PEDAGOGÍA EN EDUCACIÓN FÍSICA"
"PREG-00995-03-00","UNIVERSIDAD SEK","No acreditada",,,,,,"PEDAGOGÍA EN EDUCACIÓN FÍSICA"
"PREG-00819-03-00","UNIVERSIDAD DEL ALBA","No acreditada",,,,,,"PEDAGOGÍA EN EDUCACIÓN FÍSICA"
"PREG-01161-01-00","UNIVERSIDAD LOS LEONES","No acreditada",,,,,,"PEDAGOGÍA EN HISTORIA, GEOGRAFÍA Y CIENCIAS SOCIALES"
"PREG-00623-03-00","UNIVERSIDAD DE TARAPACÁ","No acreditada",,,,,,"PEDAGOGÍA EN QUÍMICA Y CIENCIAS NATURALES"
"PREG-00120-01-00","UNIVERSIDAD ACADEMIA DE HUMANISMO CRISTIANO","No acreditada",,,,,,"PEDAGOGÍA EN EDUCACIÓN PARVULARIA Y PRIMER SUBCICLO DE EDUCACIÓN BÁSICA"
"PREG-00648-04-00","UNIVERSIDAD VIÑA DEL MAR","No acreditada",,,,,,"PEDAGOGÍA EN HISTORIA Y CIENCIAS SOCIALES"
"PREG-00687-01-00","UNIVERSIDAD DEL MAR","No acreditada",,,,,,"PEDAGOGÍA EN LENGUA CASTELLANA Y COMUNICACIÓN"
"PREG-01242-01-00","UNIVERSIDAD DE ARTE Y CIENCIAS SOCIALES ARCIS","No acreditada",,,,,,"PEDAGOGÍA EN LENGUA CASTELLANA Y COMUNICACIÓN"
"PREG-00643-04-00","UNIVERSIDAD VIÑA DEL MAR","No acreditada",,,,,,"EDUCACIÓN BÁSICA"
"PREG-00774-03-00","UNIVERSIDAD SANTO TOMÁS","No acreditada",,,,,,"EDUCACIÓN BÁSICA"
"PREG-00719-01-00","UNIVERSIDAD IBEROAMERICANA DE CIENCIAS Y TECNOLOGÍA UNICIT","No acreditada",,,,,,"PEDAGOGÍA EN BIOLOGÍA Y QUÍMICA"
"PREG-00162-01-00","UNIVERSIDAD ARTURO PRAT","No acreditada",,,,,,"PEDAGOGÍA EN BIOLOGÍA Y QUÍMICA"
"PREG-00164-03-00","UNIVERSIDAD ARTURO PRAT","No acreditada",,,,,,"PEDAGOGÍA EN EDUCACIÓN BÁSICA INTERCULTURAL BILINGÜE"
"PREG-00725-02-00","UNIVERSIDAD SEK","No acreditada",,,,,,"PEDAGOGÍA EN LENGUAJE Y COMUNICACIÓN"
"PREG-00204-01-00","UNIVERSIDAD AUSTRAL DE CHILE","No acreditada",,,,,,"PROGRAMA ESPECIAL DE PEDAGOGÍA EN CIENCIAS DE LA NATURALEZA"
"PREG-00217-05-00","UNIVERSIDAD BERNARDO O HIGGINS","No acreditada",,,,,,"PEDAGOGÍA EN HISTORIA Y GEOGRAFÍA EN ENSEÑANZA MEDIA"
"PREG-00219-01-00","UNIVERSIDAD BOLIVARIANA","No acreditada",,,,,,"COREOGRAFÍA Y PEDAGOGÍA EN DANZA-TEATRO"
"PREG-00221-02-00","UNIVERSIDAD BOLIVARIANA","No acreditada",,,,,,"PEDAGOGÍA DE EDUCACIÓN BÁSICA MENCIÓN EDUCACIÓN DIFERENCIAL"
"PREG-00222-02-00","UNIVERSIDAD BOLIVARIANA","No acreditada",,,,,,"PEDAGOGÍA EN EDUCACIÓN BÁSICA INICIAL MENCIÓN EDUCACIÓN DE PÁRVULOS"
"PREG-00223-02-00","UNIVERSIDAD BOLIVARIANA","No acreditada",,,,,,"PEDAGOGÍA EN EDUCACIÓN BÁSICA MENCIONES EN MATEMÁTICAS, CIENCIAS, INGLÉS, RELIGIÓN CATÓLICA Y RELIGIÓN EVAGÉLICA"
"PREG-00224-02-00","UNIVERSIDAD BOLIVARIANA","No acreditada",,,,,,"PEDAGOGÍA EN EDUCACIÓN FÍSICA MENCIÓN PSICOMOTRICIDAD"
"PREG-00226-02-00","UNIVERSIDAD BOLIVARIANA","No acreditada",,,,,,"LICENCIATURA EN LENGUA INGLESA Y PEDAGOGÍA EN INGLÉS"
"PREG-00228-01-00","UNIVERSIDAD BOLIVARIANA","No acreditada",,,,,,"PEDAGOGÍA EN HISTORIA Y CIENCIAS SOCIALES CON MENCIÓN EN PEDAGOGÍA SOCIAL"
"PREG-00240-02-00","UNIVERSIDAD CATÓLICA DE LA SANTÍSIMA CONCEPCIÓN","No acreditada",,,,,,"PEDAGOGÍA MEDIA EN RELIGIÓN Y MORAL"
"PREG-00257-01-00","UNIVERSIDAD CATÓLICA DE TEMUCO","No acreditada",,,,,,"PEDAGOGÍA EN RELIGIÓN Y ORIENTACIÓN EDUCACIONAL, VOCACIONAL Y LABORAL"
"PREG-00259-04-00","UNIVERSIDAD CATÓLICA DE TEMUCO","No acreditada",,,,,,"PEDAGOGÍA MEDIA EN CIENCIAS NATURALES Y BIOLOGÍA"
"PREG-00304-05-00","UNIVERSIDAD CATÓLICA SILVA HENRÍQUEZ","No acreditada",,20,"Si","Si",2,"PEDAGOGÍA EN MATEMÁTICAS E INFORMÁTICA EDUCATIVA"
"PREG-00305-03-00","UNIVERSIDAD CATÓLICA SILVA HENRÍQUEZ","No acreditada",,,,,,"PEDAGOGÍA EN RELIGIÓN EN EDUCACIÓN BÁSICA Y MEDIA"
"PREG-00316-02-00","UNIVERSIDAD CENTRAL DE CHILE","No acreditada",,,,,,"PEDAGOGÍA EN BIOLOGÍA Y CIENCIAS MENCIÓN EDUCACIÓN BÁSICA"
"PREG-00688-01-00","UNIVERSIDAD DEL MAR","No acreditada",,,,,,"PEDAGOGÍA EN MATEMÁTICA"
"PREG-00335-02-00","UNIVERSIDAD DE ARTE Y CIENCIAS SOCIALES ARCIS","No acreditada",,,,,,"ARTE Y CULTURA VISUAL"
"PREG-00337-02-00","UNIVERSIDAD DE ARTE Y CIENCIAS SOCIALES ARCIS","No acreditada",,,,,,"LITERATURA Y LENGUA INGLESA"
"PREG-00338-02-00","UNIVERSIDAD DE ARTE Y CIENCIAS SOCIALES ARCIS","No acreditada",,,,,,"MÚSICA"
"PREG-00339-02-00","UNIVERSIDAD DE ARTE Y CIENCIAS SOCIALES ARCIS","No acreditada",,,,,,"PEDAGOGÍA EN DANZA"
"PREG-00340-02-00","UNIVERSIDAD DE ARTE Y CIENCIAS SOCIALES ARCIS","No acreditada",,,,,,"PEDAGOGÍA EN MATEMÁTICAS Y ESTADÍSTICA"
"PREG-00341-02-00","UNIVERSIDAD DE ARTE Y CIENCIAS SOCIALES ARCIS","No acreditada",,,,,,"PEDAGOGÍA EN TEATRO"
"PREG-00354-02-00","UNIVERSIDAD DE CHILE","No acreditada",,,,,,"EDUCACIÓN PARVULARIA Y BÁSICA INICIAL"
"PREG-00498-03-00","UNIVERSIDAD DE LAS AMÉRICAS","No acreditada",,,,,,"PEDAGOGÍA EN HISTORIA, GEOGRAFÍA Y EDUCACIÓN CÍVICA"
"PREG-00500-03-00","UNIVERSIDAD DE LAS AMÉRICAS","No acreditada",,,,,,"PEDAGOGÍA EN LENGUA CASTELLANA Y LITERATURA"
"PREG-00501-03-00","UNIVERSIDAD DE LAS AMÉRICAS","No acreditada",,,,,,"PEDAGOGÍA EN MATEMÁTICA Y ESTADÍSTICA"
"PREG-00821-01-00","UNIVERSIDAD DEL ALBA","No acreditada",,,,,,"PEDAGOGÍA BÁSICA"
"PREG-00523-02-00","UNIVERSIDAD DE MAGALLANES","No acreditada",,,,,,"PEDAGOGÍA EN BIOLOGÍA Y CIENCIAS NATURALES PARA ENSEÑANZA MEDIA"
"PREG-00541-03-00","UNIVERSIDAD DE PLAYA ANCHA DE CIENCIAS DE LA EDUCACIÓN","No acreditada",,,,,,"PEDAGOGÍA EN EDUCACIÓN TECNOLÓGICA"
"PREG-00815-01-00","UNIVERSIDAD TECNOLÓGICA METROPOLITANA","No acreditada",,,,,,"PEDAGOGÍA EN EDUCACIÓN TECNOLÓGICA"
"PREG-00592-03-00","UNIVERSIDAD DE TALCA","No acreditada",,,,,,"INTERPRETACIÓN Y DOCENCIA MUSICAL"
"PREG-00613-01-00","UNIVERSIDAD DE TARAPACÁ","No acreditada",,,,,,"PEDAGOGÍA DE ENSEÑANZA MEDIA EN BIOLOGÍA, QUÍMICA Y CIENCIAS NATURALES"
"PREG-00633-02-00","UNIVERSIDAD DE VALPARAÍSO","No acreditada",,,,,,"PEDAGOGÍA EN MATEMÁTICA MENCIÓN EN DIDÁCTICA O INFORMÁTICA EDUCATIVA"
"PREG-00647-04-00","UNIVERSIDAD VIÑA DEL MAR","No acreditada",,,,,,"PEDAGOGÍA EN ARTES VISUALES"
"PREG-00206-02-00","UNIVERSIDAD AUTÓNOMA DE CHILE","No acreditada",,,,,,"PEDAGOGÍA EN ARTES VISUALES"
"PREG-01160-02-00","UNIVERSIDAD LOS LEONES","No acreditada",,,,,,"PEDAGOGÍA EN ARTES VISUALES"
"PREG-00649-04-00","UNIVERSIDAD VIÑA DEL MAR","No acreditada",,,,,,"PEDAGOGÍA EN LENGUAJE Y LITERATURA"
"PREG-00679-01-00","UNIVERSIDAD DEL MAR","No acreditada",,,,,,"PEDAGOGÍA EN CIENCIAS MENCIÓN BIOLOGÍA"
"PREG-01082-02-00","UNIVERSIDAD DE LOS ANDES","No acreditada",,,,,,"PEDAGOGÍA MEDIA EN HISTORIA Y CIENCIAS SOCIALES"
"PREG-00715-03-00","UNIVERSIDAD FINIS TERRAE","No acreditada",,,,,,"PEDAGOGÍA EN RELIGIÓN Y MORAL CATÓLICA"
"PREG-00718-02-00","UNIVERSIDAD GABRIELA MISTRAL","No acreditada",,,,,,"PROGRAMA DE FORMACIÓN DE PROFESORES DE ENSEÑANZA MEDIA, LEM"
"PREG-00721-02-00","UNIVERSIDAD IBEROAMERICANA DE CIENCIAS Y TECNOLOGÍA UNICIT","No acreditada",,,,,,"PEDAGOGÍA EN INGLÉS PARA LA ENSEÑANZA BÁSICA Y MEDIA"
"PREG-00737-01-00","UNIVERSIDAD MAYOR","No acreditada",,,,,,"PSICOPEDAGOGÍA Y PEDAGOGÍA EN EDUCACIÓN BÁSICA CON MENCIÓN EN PRIMER CICLO"
"PREG-00759-02-00","UNIVERSIDAD DEL ALBA","No acreditada",,,,,,"EDUCACIÓN PARVULARIA MENCIÓN INGLÉS"
"PREG-00760-03-00","UNIVERSIDAD DEL ALBA","No acreditada",,,,,,"EDUCACIÓN PARVULARIA MENCIÓN EXPRESIÓN ARTÍSTICA"
"PREG-01394-03-00","UNIVERSIDAD DE TALCA","No acreditada",,,,,,"PEDAGOGÍA EN EDUCACIÓN MEDIA EN MATEMÁTICAS"
"PREG-00809-01-00","UNIVERSIDAD TECNOLÓGICA DE CHILE INACAP","No acreditada",,,,,,"PLAN ESPECIAL LICENCIATURA EN EDUCACIÓN"
"PREG-00812-01-00","UNIVERSIDAD TECNOLÓGICA METROPOLITANA","No acreditada",,,,,,"PROGRAMA DE FORMACIÓN DE PROFESORES DE EDUCACIÓN GENERAL BÁSICA MENCIÓN EN TECNOLOGÍA Y MEDIO AMBIENTE Y EN LENGUAJE Y COMUNICACIÓN"
"PREG-00822-02-00","UNIVERSIDAD DEL ALBA","No acreditada",,,,,,"PEDAGOGÍA EN EDUCACIÓN GENERAL BÁSICA, MENCIÓN INGLÉS"
"PREG-00901-01-00","UNIVERSIDAD ACADEMIA DE HUMANISMO CRISTIANO","No acreditada",,,,,,"PEDAGOGÍA EN MATEMÁTICAS Y ESTADÍSTICAS"
"PREG-00884-02-00","UNIVERSIDAD CATÓLICA DEL NORTE","No acreditada",,,,,,"PROFESOR DE EDUCACIÓN GENERAL BÁSICA CON MENCIÓN NB1 Y NB2"
"PREG-00885-01-00","UNIVERSIDAD CATÓLICA DEL NORTE","No acreditada",,,,,,"PROFESOR DE EDUCACIÓN MEDIA TÉCNICO PROFESIONAL Y LICENCIADO EN EDUCACIÓN"
"PREG-00929-01-00","UNIVERSIDAD DE ANTOFAGASTA","No acreditada",,,,,,"PROFESOR DE EDUCACIÓN DIFERENCIAL, MENCIÓN LENGUAJE"
"PREG-00930-02-00","UNIVERSIDAD DE ANTOFAGASTA","No acreditada",,,,,,"PEDAGOGÍA EN EDUCACIÓN ESPECIAL, MENCIÓN DEFICIENCIA MENTAL"
"PREG-00931-02-00","UNIVERSIDAD DE ANTOFAGASTA","No acreditada",,,,,,"PEDAGOGÍA EN EDUCACIÓN DIFERENCIAL, MENCIÓN LENGUAJE"
"PREG-00970-02-00","UNIVERSIDAD DEL BÍO-BÍO","No acreditada",,,,,,"PEDAGOGÍA EN EDUCACIÓN BÁSICA CON ESPECIALIDAD EN LENGUAJE Y COMUNICACIÓN O EDUCACIÓN MATEMÁTICA"
"PREG-01474-01-00","UNIVERSIDAD ANDRÉS BELLO","No acreditada",,16,"No","Si",2,"PSICOPEDAGOGÍA"
"PREG-01586-01-00","UNIVERSIDAD TECNOLÓGICA DE CHILE INACAP","No acreditada",,,,,,"PSICOPEDAGOGÍA"
"PREG-01175-01-00","UNIVERSIDAD DEL ALBA","No acreditada",,,,,,"PEDAGOGÍA EN LENGUA CASTELLANA Y FILOSOFÍA"
"PREG-01186-03-00","UNIVERSIDAD CENTRAL DE CHILE","No acreditada",,,,,,"PEDAGOGÍA EN EDUCACIÓN DIFERENCIAL E INTEGRAL EN NECESIDADES EDUCATIVAS ESPECIALES, CON MENCIÓN EN INTEGRACIÓN ESCOLAR COMO SEGUNDO TÍTULO"
"PREG-01216-01-00","UNIVERSIDAD CENTRAL DE CHILE","No acreditada",,,,,,"PEDAGOGÍA EN EDUCACIÓN GENERAL BÁSICA COMO SEGUNDO TÍTULO"
"PREG-01220-01-00","UNIVERSIDAD DE LOS LAGOS","No acreditada",,,,,,"PEDAGOGÍA EN EDUCACIÓN MEDIA EN BIOLOGÍA Y QUÍMICA"
"PREG-01241-01-00","UNIVERSIDAD DE ARTE Y CIENCIAS SOCIALES ARCIS","No acreditada",,,,,,"PEDAGOGÍA EN EDUCACIÓN BÁSICA, MENCIÓN EN MATEMÁTICAS Y LENGUAJE. LICENCIATURA EN EDUCACIÓN"
"PREG-02074-01-00","UNIVERSIDAD DIEGO PORTALES","No acreditada",,4,"No","No",0,"PEDAGOGÍA MEDIA EN MATEMÁTICA"
"PREG-01286-01-00","UNIVERSIDAD DEL ALBA","No acreditada",,,,,,"PEDAGOGÍA GENERAL BÁSICA MENCIÓN TRASTORNO DEL APRENDIZAJE"
"PREG-01354-02-00","UNIVERSIDAD DE LOS ANDES","No acreditada",,,,,,"PEDAGOGÍA MEDIA EN FILOSOFÍA"
"PREG-00624-01-00","UNIVERSIDAD DE TARAPACÁ","No acreditada",,,,,,"PROFESOR EDUCACIÓN FÍSICA PREBÁSICA Y BÁSICA"
"PREG-00693-02-00","UNIVERSIDAD DEL PACÍFICO","No acreditada",,,,,,"PEDAGOGÍA DE EDUCACIÓN MEDIA EN HISTORIA Y CIENCIAS SOCIALES"
"PREG-00694-02-00","UNIVERSIDAD DEL PACÍFICO","No acreditada",,,,,,"PEDAGOGÍA DE EDUCACIÓN MEDIA EN LENGUAJE Y COMUNICACIÓN"
"PREG-00733-01-00","UNIVERSIDAD MAYOR","No acreditada",,,,,,"PEDAGOGÍA EDUCACIÓN BÁSICA MENCIÓN"
"PREG-01350-01-00","UNIVERSIDAD BOLIVARIANA","No acreditada",,,,,,"PEDAGOGÍA EN EDUCACIÓN DIFERENCIAL MENCIÓN DEFICIENCIA MENTAL, TRASTORNOS DE AUDICIÓN Y LENGUAJE"
"PREG-01351-01-00","UNIVERSIDAD BOLIVARIANA","No acreditada",,,,,,"PEDAGOGÍA EN EDUCACIÓN DIFERENCIAL CON MENCIÓN EN DISCAPACIDAD INTELECTUAL Y TRASTORNOS DEL LENGUAJE"
"PREG-01352-02-00","UNIVERSIDAD BOLIVARIANA","No acreditada",,,,,,"PEDAGOGÍA EN EDUCACIÓN BÁSICA MENCIÓN PRIMER CICLO"
"PREG-00928-03-00","UNIVERSIDAD AUSTRAL DE CHILE","No acreditada",,,,,,"PROGRAMA DE FORMACIÓN PEDAGÓGICA PARA PROFESIONALES Y/O LICENCIADOS EN CIENCIAS DE LA NATURALEZA O EN ARTES VISUALES"
"PREG-00773-03-00","UNIVERSIDAD SAN SEBASTIÁN","No acreditada",,,,,,"PEDAGOGÍA DE EDUCACIÓN MEDIA EN MATEMÁTICAS MENCIÓN INFORMÁTICA EDUCATIVA"
"PREG-00336-02-00","UNIVERSIDAD DE ARTE Y CIENCIAS SOCIALES ARCIS","No acreditada",,,,,,"PEDAGOGÍA EN HISTORIA Y CIENCIAS SOCIALES CON MENCIÓN EN PATRIMONIO CULTURAL Y CIUDADANÍA, LICENCIADO EN EDUCACIÓN, LICENCIATURA EN HISTORIA"
"PREG-00752-04-00","UNIVERSIDAD METROPOLITANA DE CIENCIAS DE LA EDUCACIÓN","No acreditada",,,,,,"LICENCIATURA EN EDUCACIÓN Y PEDAGOGÍA EN EDUCACIÓN DIFERENCIAL ESPECIALIDAD PROBLEMAS DE APRENDIZAJE"
"PREG-01494-03-00","UNIVERSIDAD DE MAGALLANES","No acreditada",,20,"Si","Si",2,"PEDAGOGÍA EN ARTES MUSICALES PARA ENSEÑANZA BÁSICA Y MEDIA"
"PREG-01176-03-00","UNIVERSIDAD DEL ALBA","No acreditada",,,,,,"PEDAGOGÍA EN EDUCACIÓN DIFERENCIAL MENCIÓN DISCAPACIDAD INTELECTUAL"
"PREG-00124-03-00","UNIVERSIDAD ACADEMIA DE HUMANISMO CRISTIANO","No acreditada",,,,,,"PROGRAMA DE FORMACIÓN PEDAGÓGICA EN ENSEÑANZA MEDIA PARA PROFESIONALES"
"PREG-00531-03-00","UNIVERSIDAD DE PLAYA ANCHA DE CIENCIAS DE LA EDUCACIÓN","No acreditada",,,,,,"PEDAGOGÍA EN EDUCACIÓN BÁSICA CON MENCION EN MATEMÁTICA O LENGUAJE Y COMUNICACIÓN CON CERTIFICACIÓN ACADÉMICA COMO AGENTE DE DESARROLLO LOCAL"
"PREG-01553-02-00","UNIVERSIDAD DE LOS ANDES","No acreditada",,,,,,"PEDAGOGÍA MEDIA EN LENGUA Y LITERATURA"
"PREG-01568-02-00","UNIVERSIDAD ACADEMIA DE HUMANISMO CRISTIANO","No acreditada",,,,,,"PROGRAMA DE SEGUNDA TITULACIÓN PEDAGOGÍA EN EDUCACIÓN BÁSICA PARA PROFESIONALES DE LA EDUCACIÓN"
"PREG-01664-01-00","UNIVERSIDAD ACADEMIA DE HUMANISMO CRISTIANO","No acreditada",,,,,,"PROGRAMA DE SEGUNDA TITULACIÓN EN EDUCACIÓN DIFERENCIAL PARA PROFESORES DE ENSEÑANZA MEDIA MENCIÓN EN DISCAPACIDAD INTELECTUAL"
"PREG-00933-02-00","UNIVERSIDAD DE SANTIAGO DE CHILE","No acreditada",,,,,,"LICENCIATURA EN CIENCIAS DE LA ACTIVIDAD FÍSICA/ENTRENADOR DEPORTIVO"
"PREG-00712-04-00","UNIVERSIDAD FINIS TERRAE","No acreditada",,,,,,"PROGRAMA DE FORMACIÓN PEDAGÓGICA EN EDUCACIÓN MEDIA"
"PREG-01823-01-00","UNIVERSIDAD DE ANTOFAGASTA","No acreditada",,,,,,"PEDAGOGÍA PARA PROFESIONALES (PLAN ESPECIAL VESPERTINO)"
"PREG-00119-03-00","UNIVERSIDAD ACADEMIA DE HUMANISMO CRISTIANO","No acreditada",,,,,,"PROGRAMA SEGUNDA TITULACIÓN DE EDUCACIÓN DIFERENCIAL MENCIÓN TRASTORNOS ESPECÍFICOS DEL LENGUAJE"
"PREG-01849-01-00","UNIVERSIDAD BOLIVARIANA","No acreditada",,,,,,"PEDAGOGÍA EN EDUCACIÓN DIFERENCIAL CON MENCIÓN DISCAPACIDAD INTELECTUAL Y TRASTORNOS DEL LENGUAJE PROSECUCIÓN DE ESTUDIOS"
"PREG-01868-01-00","UNIVERSIDAD CATÓLICA DE TEMUCO","No acreditada",,,,,,"PROGRAMA ESPECIAL DE TITULACIÓN PEDAGOGÍA MEDIA EN ARTES VISUALES"
"PREG-01878-01-00","UNIVERSIDAD CATÓLICA DE LA SANTÍSIMA CONCEPCIÓN","No acreditada",,,,,,"PROGRAMA DE FORMACIÓN PEDAGÓGICA PARA LICENCIADOS"
"PREG-01900-01-00","UNIVERSIDAD SEK","No acreditada",,,,,,"PEDAGOGÍA EN EDUCACIÓN DIFERENCIAL CON ESPECIALIDAD EN TRASTORNOS DE LA COMUNICACIÓN Y EL LENGUAJE ORAL. PLAN ESPECIAL DE CONTINUIDAD DE ESTUDIOS"
"PREG-01888-01-00","UNIVERSIDAD SEK","No acreditada",,,,,,"PEDAGOGÍA EN EDUCACIÓN DIFERENCIAL CON ESPECIALIDAD EN DISCAPACIDAD INTELECTUAL"
"PREG-01663-01-00","UNIVERSIDAD BOLIVARIANA","No acreditada",,,,,,"PEDAGOGÍA EN EDUCACIÓN PARVULARIA PLAN DE PROSECUCIÓN DE ESTUDIOS"
"PREG-00770-05-00","UNIVERSIDAD SAN SEBASTIÁN","No acreditada",,20,"Si","Si",1,"PEDAGOGÍA DE EDUCACIÓN MEDIA EN HISTORIA Y GEOGRAFÍA"
"PREG-01992-02-00","UNIVERSIDAD DE TARAPACÁ","No acreditada",,,,,,"PROGRAMA DE PROSECUCIÓN DE ESTUDIOS CARRERA PROFESOR DE EDUCACIÓN FÍSICA"
"PREG-01993-02-00","UNIVERSIDAD DE TARAPACÁ","No acreditada",,,,,,"PROGRAMA DE PROSECUCIÓN DE ESTUDIOS CARRERA EDUCACIÓN PARVULARIA"
"PREG-01995-02-00","UNIVERSIDAD DE TARAPACÁ","No acreditada",,,,,,"PROGRAMA DE PROSECUCIÓN DE ESTUDIOS CARRERA PEDAGOGÍA EN EDUCACIÓN DIFERENCIAL"
"PREG-02039-02-00","UNIVERSIDAD SANTO TOMÁS","No acreditada",,10,"Si","Si",4,"PROGRAMA DE EDUCACIÓN DIFERENCIAL, PLAN DE SEGUNDA TITULACIÓN"
"PREG-02041-01-00","UNIVERSIDAD SANTO TOMÁS","Acreditada",,12,"Si","Si",1,"PEDAGOGÍA EN EDUCACIÓN PARVULARIA, PLAN DE PROSECUCIÓN DE ESTUDIOS"
"PREG-02046-01-00","UNIVERSIDAD DE ANTOFAGASTA","No acreditada",,,,,,"PLAN ESPECIAL EN DOCENCIA DE PEDAGOGÍA PARA PROFESIONALES"
"PREG-02047-01-00","UNIVERSIDAD DE SANTIAGO DE CHILE","No acreditada",,,,,,"PROGRAMA DE PROSECUCIÓN DE ESTUDIOS PARA PROFESORES DE QUÍMICA Y BIOLOGÍA / LICENCIATURA EN EDUCACIÓN EN QUÍMICA Y BIOLOGÍA"
"PREG-02048-01-00","PONTIFICIA UNIVERSIDAD CATÓLICA DE VALPARAÍSO","No acreditada",,,,,,"PEDAGOGÍA DE RELIGIÓN Y MORAL"
"PREG-02040-01-00","UNIVERSIDAD CATÓLICA DEL NORTE","No acreditada",,8,"Si","Si",2,"PROGRAMA DE PROSECUCIÓN DE ESTUDIOS EN FORMACIÓN PEDAGÓGICA: CONDUCENTE AL TÍTULO DE PROFESOR DE FILOSOFÍA Y RELIGIÓN EN ENSEÑANZA BÁSICA Y MEDIA CON GRADO DE LICENCIADO EN EDUCACIÓN"
"PREG-02045-01-00","UNIVERSIDAD SANTO TOMÁS","No acreditada",,8,"Si","Si",1,"PROGRAMA DE FORMACIÓN PEDAGÓGICA PARA LICENCIADOS O PROFESIONALES"
"PREG-02060-01-00","UNIVERSIDAD ACADEMIA DE HUMANISMO CRISTIANO","No acreditada",,8,"Si","Si",2,"PROGRAMA SEGUNDA TITULACIÓN DE PEDAGOGÍA EN EDUCACIÓN BÁSICA, CON ENFOQUE EN PRÁCTICAS INCLUSIVAS PARA EL APRENDIZAJE"
"PREG-02062-01-00","UNIVERSIDAD ACADEMIA DE HUMANISMO CRISTIANO","No acreditada",,8,"Si","Si",2,"PROGRAMA SEGUNDA TITULACIÓN DE FORMACIÓN PEDAGÓGICA EN ENSEÑANZA MEDIA PARA LICENCIADOS Y PROFESIONALES"
"PREG-02066-01-00","UNIVERSIDAD METROPOLITANA DE CIENCIAS DE LA EDUCACIÓN","No acreditada",,8,"No","Si",1,"PROSECUCIÓN DE ESTUDIOS EN LICENCIATURA EN EDUCACIÓN Y PEDAGOGÍA EN ARTES ESCÉNICAS CON MENCIÓN EN DANZA O TEATRO"
"PREG-02069-01-00","UNIVERSIDAD VIÑA DEL MAR","No acreditada",,5,"Si","Si",1,"PROSECUCIÓN DE ESTUDIOS EN FORMACIÓN PEDAGÓGICA EN EDUCACIÓN MEDIA PARA LICENCIADOS Y PROFESIONALES"
"PREG-02070-01-00","UNIVERSIDAD VIÑA DEL MAR","No acreditada",,9,"Si","Si",3,"PROSECUCIÓN DE ESTUDIOS EN PEDAGOGÍA EN EDUCACIÓN FÍSICA"
"PREG-02071-01-00","UNIVERSIDAD VIÑA DEL MAR","No acreditada",,6,"Si","Si",5,"PROSECUCIÓN DE ESTUDIOS EN PEDAGOGÍA EN EDUCACIÓN DIFERENCIAL MENCIÓN DISCAPACIDAD INTELECTUAL"
"PREG-02073-01-00","UNIVERSIDAD METROPOLITANA DE CIENCIAS DE LA EDUCACIÓN","No acreditada",,12,"No","No",0,"PROSECUCIÓN DE ESTUDIOS EN LICENCIATURA EN EDUCACIÓN Y PEDAGOGÍA EN EDUCACIÓN BÁSICA"
"PREG-02075-02-00","UNIVERSIDAD CATÓLICA DE TEMUCO","No acreditada",,20,"No","Si",2,"PEDAGOGÍA EN LENGUA Y CULTURA MAPUCHE"
